Workbook

Sheet README
A1: Merged Eurostat SBS C29 NUTS dataset
A2: Created | B2: Derived 2021–2023 employment and appended to 2008–2020 employment
A3: Employment formula | B3: employment_derived_year = persons employed per local unit × local units
A4: Source 2008–2020 | B4: sbs_r_nuts06_r2__custom_21203905_spreadsheet.xlsx
A5: Source 2021–2023 | B5: sbs_r_nuts2021__custom_21203869_spreadsheet.xlsx
A6: Sheets | B6: Post2020_Derivation, Employment_Merged, LocalUnits_Merged, Wages_Merged
A7: Note | B7: Missing values (:) and Eurostat flags are preserved.
A8: Old employment rows | B8: 547
A9: Post-2020 derivation rows | B9: 416
A10: Union GEO rows | B10: 578

Sheet Post2020_Derivation
A1: GEO code | B1: GEO label | C1: emp_per_local_unit_2021 | D1: flag_emp_per_local_unit_2021 | E1: local_units_2021 | F1: flag_local_units_2021 | G1: employment_derived_2021 | H1: derived_flag_2021 | I1: emp_per_local_unit_2022 | J1: flag_emp_per_local_unit_2022 | K1: local_units_2022 | L1: flag_local_units_2022 | M1: employment_derived_2022 | N1: derived_flag_2022 | O1: emp_per_local_unit_2023 | P1: flag_emp_per_local_unit_2023 | Q1: local_units_2023 | R1: flag_local_units_2023 | S1: employment_derived_2023 | T1: derived_flag_2023
A2: BE | B2: Belgium | C2: 87 | E2: 336 | G2: =IF(OR(C2="",C2=":",E2="",E2=":"),"",C2*E2) -> 29232 | H2: =IF(_xludf.TEXTJOIN("; ",TRUE,D2,F2)="","",_xludf.TEXTJOIN("; ",TRUE,D2,F2)) -> #NAME? | I2: 57 | K2: 543 | M2: =IF(OR(I2="",I2=":",K2="",K2=":"),"",I2*K2) -> 30951 | N2: =IF(_xludf.TEXTJOIN("; ",TRUE,J2,L2)="","",_xludf.TEXTJOIN("; ",TRUE,J2,L2)) -> #NAME? | O2: 61 | Q2: 487 | S2: =IF(OR(O2="",O2=":",Q2="",Q2=":"),"",O2*Q2) -> 29707 | T2: =IF(_xludf.TEXTJOIN("; ",TRUE,P2,R2)="","",_xludf.TEXTJOIN("; ",TRUE,P2,R2)) -> #NAME?
A3: BE1 | B3: Région de Bruxelles-Capitale/Brussels Hoofdstedelijk Gewest | C3: 210 | E3: 17 | G3: =IF(OR(C3="",C3=":",E3="",E3=":"),"",C3*E3) -> 3570 | H3: =IF(_xludf.TEXTJOIN("; ",TRUE,D3,F3)="","",_xludf.TEXTJOIN("; ",TRUE,D3,F3)) -> #NAME? | I3: 144 | K3: 28 | M3: =IF(OR(I3="",I3=":",K3="",K3=":"),"",I3*K3) -> 4032 | N3: =IF(_xludf.TEXTJOIN("; ",TRUE,J3,L3)="","",_xludf.TEXTJOIN("; ",TRUE,J3,L3)) -> #NAME? | O3: 144 | Q3: 25 | S3: =IF(OR(O3="",O3=":",Q3="",Q3=":"),"",O3*Q3) -> 3600 | T3: =IF(_xludf.TEXTJOIN("; ",TRUE,P3,R3)="","",_xludf.TEXTJOIN("; ",TRUE,P3,R3)) -> #NAME?
A4: BE10 | B4: Région de Bruxelles-Capitale/Brussels Hoofdstedelijk Gewest | C4: 210 | E4: 17 | G4: =IF(OR(C4="",C4=":",E4="",E4=":"),"",C4*E4) -> 3570 | H4: =IF(_xludf.TEXTJOIN("; ",TRUE,D4,F4)="","",_xludf.TEXTJOIN("; ",TRUE,D4,F4)) -> #NAME? | I4: 144 | K4: 28 | M4: =IF(OR(I4="",I4=":",K4="",K4=":"),"",I4*K4) -> 4032 | N4: =IF(_xludf.TEXTJOIN("; ",TRUE,J4,L4)="","",_xludf.TEXTJOIN("; ",TRUE,J4,L4)) -> #NAME? | O4: 144 | Q4: 25 | S4: =IF(OR(O4="",O4=":",Q4="",Q4=":"),"",O4*Q4) -> 3600 | T4: =IF(_xludf.TEXTJOIN("; ",TRUE,P4,R4)="","",_xludf.TEXTJOIN("; ",TRUE,P4,R4)) -> #NAME?
A5: BE2 | B5: Vlaams Gewest | C5: : | D5: C | E5: : | F5: C | G5: =IF(OR(C5="",C5=":",E5="",E5=":"),"",C5*E5) | H5: =IF(_xludf.TEXTJOIN("; ",TRUE,D5,F5)="","",_xludf.TEXTJOIN("; ",TRUE,D5,F5)) -> #NAME? | I5: 64 | K5: 395 | M5: =IF(OR(I5="",I5=":",K5="",K5=":"),"",I5*K5) -> 25280 | N5: =IF(_xludf.TEXTJOIN("; ",TRUE,J5,L5)="","",_xludf.TEXTJOIN("; ",TRUE,J5,L5)) -> #NAME? | O5: 70 | Q5: 350 | S5: =IF(OR(O5="",O5=":",Q5="",Q5=":"),"",O5*Q5) -> 24500 | T5: =IF(_xludf.TEXTJOIN("; ",TRUE,P5,R5)="","",_xludf.TEXTJOIN("; ",TRUE,P5,R5)) -> #NAME?
A6: BE21 | B6: Prov. Antwerpen | C6: 110 | E6: 56 | G6: =IF(OR(C6="",C6=":",E6="",E6=":"),"",C6*E6) -> 6160 | H6: =IF(_xludf.TEXTJOIN("; ",TRUE,D6,F6)="","",_xludf.TEXTJOIN("; ",TRUE,D6,F6)) -> #NAME? | I6: 64 | K6: 95 | M6: =IF(OR(I6="",I6=":",K6="",K6=":"),"",I6*K6) -> 6080 | N6: =IF(_xludf.TEXTJOIN("; ",TRUE,J6,L6)="","",_xludf.TEXTJOIN("; ",TRUE,J6,L6)) -> #NAME? | O6: 76 | Q6: 78 | S6: =IF(OR(O6="",O6=":",Q6="",Q6=":"),"",O6*Q6) -> 5928 | T6: =IF(_xludf.TEXTJOIN("; ",TRUE,P6,R6)="","",_xludf.TEXTJOIN("; ",TRUE,P6,R6)) -> #NAME?
A7: BE22 | B7: Prov. Limburg (BE) | C7: : | D7: C | E7: : | F7: C | G7: =IF(OR(C7="",C7=":",E7="",E7=":"),"",C7*E7) | H7: =IF(_xludf.TEXTJOIN("; ",TRUE,D7,F7)="","",_xludf.TEXTJOIN("; ",TRUE,D7,F7)) -> #NAME? | I7: 43 | K7: 70 | M7: =IF(OR(I7="",I7=":",K7="",K7=":"),"",I7*K7) -> 3010 | N7: =IF(_xludf.TEXTJOIN("; ",TRUE,J7,L7)="","",_xludf.TEXTJOIN("; ",TRUE,J7,L7)) -> #NAME? | O7: 47 | Q7: 66 | S7: =IF(OR(O7="",O7=":",Q7="",Q7=":"),"",O7*Q7) -> 3102 | T7: =IF(_xludf.TEXTJOIN("; ",TRUE,P7,R7)="","",_xludf.TEXTJOIN("; ",TRUE,P7,R7)) -> #NAME?
A8: BE23 | B8: Prov. Oost-Vlaanderen | C8: 206 | E8: 56 | G8: =IF(OR(C8="",C8=":",E8="",E8=":"),"",C8*E8) -> 11536 | H8: =IF(_xludf.TEXTJOIN("; ",TRUE,D8,F8)="","",_xludf.TEXTJOIN("; ",TRUE,D8,F8)) -> #NAME? | I8: 143 | K8: 88 | M8: =IF(OR(I8="",I8=":",K8="",K8=":"),"",I8*K8) -> 12584 | N8: =IF(_xludf.TEXTJOIN("; ",TRUE,J8,L8)="","",_xludf.TEXTJOIN("; ",TRUE,J8,L8)) -> #NAME? | O8: 160 | Q8: 78 | S8: =IF(OR(O8="",O8=":",Q8="",Q8=":"),"",O8*Q8) -> 12480 | T8: =IF(_xludf.TEXTJOIN("; ",TRUE,P8,R8)="","",_xludf.TEXTJOIN("; ",TRUE,P8,R8)) -> #NAME?
A9: BE24 | B9: Prov. Vlaams-Brabant | C9: 60 | E9: 21 | G9: =IF(OR(C9="",C9=":",E9="",E9=":"),"",C9*E9) -> 1260 | H9: =IF(_xludf.TEXTJOIN("; ",TRUE,D9,F9)="","",_xludf.TEXTJOIN("; ",TRUE,D9,F9)) -> #NAME? | I9: 31 | K9: 38 | M9: =IF(OR(I9="",I9=":",K9="",K9=":"),"",I9*K9) -> 1178 | N9: =IF(_xludf.TEXTJOIN("; ",TRUE,J9,L9)="","",_xludf.TEXTJOIN("; ",TRUE,J9,L9)) -> #NAME? | O9: 24 | Q9: 36 | S9: =IF(OR(O9="",O9=":",Q9="",Q9=":"),"",O9*Q9) -> 864 | T9: =IF(_xludf.TEXTJOIN("; ",TRUE,P9,R9)="","",_xludf.TEXTJOIN("; ",TRUE,P9,R9)) -> #NAME?
A10: BE25 | B10: Prov. West-Vlaanderen | C10: 37 | E10: 69 | G10: =IF(OR(C10="",C10=":",E10="",E10=":"),"",C10*E10) -> 2553 | H10: =IF(_xludf.TEXTJOIN("; ",TRUE,D10,F10)="","",_xludf.TEXTJOIN("; ",TRUE,D10,F10)) -> #NAME? | I10: 24 | K10: 104 | M10: =IF(OR(I10="",I10=":",K10="",K10=":"),"",I10*K10) -> 2496 | N10: =IF(_xludf.TEXTJOIN("; ",TRUE,J10,L10)="","",_xludf.TEXTJOIN("; ",TRUE,J10,L10)) -> #NAME? | O10: 24 | Q10: 92 | S10: =IF(OR(O10="",O10=":",Q10="",Q10=":"),"",O10*Q10) -> 2208 | T10: =IF(_xludf.TEXTJOIN("; ",TRUE,P10,R10)="","",_xludf.TEXTJOIN("; ",TRUE,P10,R10)) -> #NAME?
A11: BE3 | B11: Région wallonne | C11: : | D11: C | E11: : | F11: C | G11: =IF(OR(C11="",C11=":",E11="",E11=":"),"",C11*E11) | H11: =IF(_xludf.TEXTJOIN("; ",TRUE,D11,F11)="","",_xludf.TEXTJOIN("; ",TRUE,D11,F11)) -> #NAME? | I11: 12 | K11: 114 | M11: =IF(OR(I11="",I11=":",K11="",K11=":"),"",I11*K11) -> 1368 | N11: =IF(_xludf.TEXTJOIN("; ",TRUE,J11,L11)="","",_xludf.TEXTJOIN("; ",TRUE,J11,L11)) -> #NAME? | O11: 12 | Q11: 104 | S11: =IF(OR(O11="",O11=":",Q11="",Q11=":"),"",O11*Q11) -> 1248 | T11: =IF(_xludf.TEXTJOIN("; ",TRUE,P11,R11)="","",_xludf.TEXTJOIN("; ",TRUE,P11,R11)) -> #NAME?
A12: BE31 | B12: Prov. Brabant wallon | C12: 36 | E12: 3 | G12: =IF(OR(C12="",C12=":",E12="",E12=":"),"",C12*E12) -> 108 | H12: =IF(_xludf.TEXTJOIN("; ",TRUE,D12,F12)="","",_xludf.TEXTJOIN("; ",TRUE,D12,F12)) -> #NAME? | I12: 11 | K12: 12 | M12: =IF(OR(I12="",I12=":",K12="",K12=":"),"",I12*K12) -> 132 | N12: =IF(_xludf.TEXTJOIN("; ",TRUE,J12,L12)="","",_xludf.TEXTJOIN("; ",TRUE,J12,L12)) -> #NAME? | O12: 18 | Q12: 7 | S12: =IF(OR(O12="",O12=":",Q12="",Q12=":"),"",O12*Q12) -> 126 | T12: =IF(_xludf.TEXTJOIN("; ",TRUE,P12,R12)="","",_xludf.TEXTJOIN("; ",TRUE,P12,R12)) -> #NAME?
A13: BE32 | B13: Prov. Hainaut | C13: 14 | E13: 23 | G13: =IF(OR(C13="",C13=":",E13="",E13=":"),"",C13*E13) -> 322 | H13: =IF(_xludf.TEXTJOIN("; ",TRUE,D13,F13)="","",_xludf.TEXTJOIN("; ",TRUE,D13,F13)) -> #NAME? | I13: 10 | K13: 31 | M13: =IF(OR(I13="",I13=":",K13="",K13=":"),"",I13*K13) -> 310 | N13: =IF(_xludf.TEXTJOIN("; ",TRUE,J13,L13)="","",_xludf.TEXTJOIN("; ",TRUE,J13,L13)) -> #NAME? | O13: : | P13: C | Q13: : | R13: C | S13: =IF(OR(O13="",O13=":",Q13="",Q13=":"),"",O13*Q13) | T13: =IF(_xludf.TEXTJOIN("; ",TRUE,P13,R13)="","",_xludf.TEXTJOIN("; ",TRUE,P13,R13)) -> #NAME?
A14: BE33 | B14: Prov. Liège | C14: : | D14: C | E14: : | F14: C | G14: =IF(OR(C14="",C14=":",E14="",E14=":"),"",C14*E14) | H14: =IF(_xludf.TEXTJOIN("; ",TRUE,D14,F14)="","",_xludf.TEXTJOIN("; ",TRUE,D14,F14)) -> #NAME? | I14: 13 | K14: 50 | M14: =IF(OR(I14="",I14=":",K14="",K14=":"),"",I14*K14) -> 650 | N14: =IF(_xludf.TEXTJOIN("; ",TRUE,J14,L14)="","",_xludf.TEXTJOIN("; ",TRUE,J14,L14)) -> #NAME? | O14: 13 | Q14: 48 | S14: =IF(OR(O14="",O14=":",Q14="",Q14=":"),"",O14*Q14) -> 624 | T14: =IF(_xludf.TEXTJOIN("; ",TRUE,P14,R14)="","",_xludf.TEXTJOIN("; ",TRUE,P14,R14)) -> #NAME?
A15: BE34 | B15: Prov. Luxembourg (BE) | C15: 58 | E15: 4 | G15: =IF(OR(C15="",C15=":",E15="",E15=":"),"",C15*E15) -> 232 | H15: =IF(_xludf.TEXTJOIN("; ",TRUE,D15,F15)="","",_xludf.TEXTJOIN("; ",TRUE,D15,F15)) -> #NAME? | I15: 77 | K15: 3 | M15: =IF(OR(I15="",I15=":",K15="",K15=":"),"",I15*K15) -> 231 | N15: =IF(_xludf.TEXTJOIN("; ",TRUE,J15,L15)="","",_xludf.TEXTJOIN("; ",TRUE,J15,L15)) -> #NAME? | O15: : | P15: C | Q15: : | R15: C | S15: =IF(OR(O15="",O15=":",Q15="",Q15=":"),"",O15*Q15) | T15: =IF(_xludf.TEXTJOIN("; ",TRUE,P15,R15)="","",_xludf.TEXTJOIN("; ",TRUE,P15,R15)) -> #NAME?
A16: BE35 | B16: Prov. Namur | C16: 6 | E16: 10 | G16: =IF(OR(C16="",C16=":",E16="",E16=":"),"",C16*E16) -> 60 | H16: =IF(_xludf.TEXTJOIN("; ",TRUE,D16,F16)="","",_xludf.TEXTJOIN("; ",TRUE,D16,F16)) -> #NAME? | I16: 4 | K16: 18 | M16: =IF(OR(I16="",I16=":",K16="",K16=":"),"",I16*K16) -> 72 | N16: =IF(_xludf.TEXTJOIN("; ",TRUE,J16,L16)="","",_xludf.TEXTJOIN("; ",TRUE,J16,L16)) -> #NAME? | O16: : | P16: C | Q16: : | R16: C | S16: =IF(OR(O16="",O16=":",Q16="",Q16=":"),"",O16*Q16) | T16: =IF(_xludf.TEXTJOIN("; ",TRUE,P16,R16)="","",_xludf.TEXTJOIN("; ",TRUE,P16,R16)) -> #NAME?
A17: BEZ | B17: Extra-Regio NUTS 1 | C17: : | D17: C | E17: : | F17: C | G17: =IF(OR(C17="",C17=":",E17="",E17=":"),"",C17*E17) | H17: =IF(_xludf.TEXTJOIN("; ",TRUE,D17,F17)="","",_xludf.TEXTJOIN("; ",TRUE,D17,F17)) -> #NAME? | I17: 3 | K17: 6 | M17: =IF(OR(I17="",I17=":",K17="",K17=":"),"",I17*K17) -> 18 | N17: =IF(_xludf.TEXTJOIN("; ",TRUE,J17,L17)="","",_xludf.TEXTJOIN("; ",TRUE,J17,L17)) -> #NAME? | O17: 4 | Q17: 8 | S17: =IF(OR(O17="",O17=":",Q17="",Q17=":"),"",O17*Q17) -> 32 | T17: =IF(_xludf.TEXTJOIN("; ",TRUE,P17,R17)="","",_xludf.TEXTJOIN("; ",TRUE,P17,R17)) -> #NAME?
A18: BEZZ | B18: Extra-Regio NUTS 2 | C18: : | D18: C | E18: : | F18: C | G18: =IF(OR(C18="",C18=":",E18="",E18=":"),"",C18*E18) | H18: =IF(_xludf.TEXTJOIN("; ",TRUE,D18,F18)="","",_xludf.TEXTJOIN("; ",TRUE,D18,F18)) -> #NAME? | I18: 3 | K18: 6 | M18: =IF(OR(I18="",I18=":",K18="",K18=":"),"",I18*K18) -> 18 | N18: =IF(_xludf.TEXTJOIN("; ",TRUE,J18,L18)="","",_xludf.TEXTJOIN("; ",TRUE,J18,L18)) -> #NAME? | O18: 4 | Q18: 8 | S18: =IF(OR(O18="",O18=":",Q18="",Q18=":"),"",O18*Q18) -> 32 | T18: =IF(_xludf.TEXTJOIN("; ",TRUE,P18,R18)="","",_xludf.TEXTJOIN("; ",TRUE,P18,R18)) -> #NAME?
A19: BG | B19: Bulgaria | C19: 169 | E19: 156 | G19: =IF(OR(C19="",C19=":",E19="",E19=":"),"",C19*E19) -> 26364 | H19: =IF(_xludf.TEXTJOIN("; ",TRUE,D19,F19)="","",_xludf.TEXTJOIN("; ",TRUE,D19,F19)) -> #NAME? | I19: 163 | K19: 155 | M19: =IF(OR(I19="",I19=":",K19="",K19=":"),"",I19*K19) -> 25265 | N19: =IF(_xludf.TEXTJOIN("; ",TRUE,J19,L19)="","",_xludf.TEXTJOIN("; ",TRUE,J19,L19)) -> #NAME? | O19: 160 | Q19: 159 | S19: =IF(OR(O19="",O19=":",Q19="",Q19=":"),"",O19*Q19) -> 25440 | T19: =IF(_xludf.TEXTJOIN("; ",TRUE,P19,R19)="","",_xludf.TEXTJOIN("; ",TRUE,P19,R19)) -> #NAME?
A20: BG3 | B20: Severna i Yugoiztochna Bulgaria | C20: 158 | E20: 79 | G20: =IF(OR(C20="",C20=":",E20="",E20=":"),"",C20*E20) -> 12482 | H20: =IF(_xludf.TEXTJOIN("; ",TRUE,D20,F20)="","",_xludf.TEXTJOIN("; ",TRUE,D20,F20)) -> #NAME? | I20: 149 | K20: 85 | M20: =IF(OR(I20="",I20=":",K20="",K20=":"),"",I20*K20) -> 12665 | N20: =IF(_xludf.TEXTJOIN("; ",TRUE,J20,L20)="","",_xludf.TEXTJOIN("; ",TRUE,J20,L20)) -> #NAME? | O20: 156 | Q20: 82 | S20: =IF(OR(O20="",O20=":",Q20="",Q20=":"),"",O20*Q20) -> 12792 | T20: =IF(_xludf.TEXTJOIN("; ",TRUE,P20,R20)="","",_xludf.TEXTJOIN("; ",TRUE,P20,R20)) -> #NAME?
A21: BG31 | B21: Severozapaden | C21: 219 | E21: 17 | G21: =IF(OR(C21="",C21=":",E21="",E21=":"),"",C21*E21) -> 3723 | H21: =IF(_xludf.TEXTJOIN("; ",TRUE,D21,F21)="","",_xludf.TEXTJOIN("; ",TRUE,D21,F21)) -> #NAME? | I21: 244 | K21: 17 | M21: =IF(OR(I21="",I21=":",K21="",K21=":"),"",I21*K21) -> 4148 | N21: =IF(_xludf.TEXTJOIN("; ",TRUE,J21,L21)="","",_xludf.TEXTJOIN("; ",TRUE,J21,L21)) -> #NAME? | O21: 277 | Q21: 16 | S21: =IF(OR(O21="",O21=":",Q21="",Q21=":"),"",O21*Q21) -> 4432 | T21: =IF(_xludf.TEXTJOIN("; ",TRUE,P21,R21)="","",_xludf.TEXTJOIN("; ",TRUE,P21,R21)) -> #NAME?
A22: BG32 | B22: Severen tsentralen | C22: 107 | E22: 22 | G22: =IF(OR(C22="",C22=":",E22="",E22=":"),"",C22*E22) -> 2354 | H22: =IF(_xludf.TEXTJOIN("; ",TRUE,D22,F22)="","",_xludf.TEXTJOIN("; ",TRUE,D22,F22)) -> #NAME? | I22: 101 | K22: 24 | M22: =IF(OR(I22="",I22=":",K22="",K22=":"),"",I22*K22) -> 2424 | N22: =IF(_xludf.TEXTJOIN("; ",TRUE,J22,L22)="","",_xludf.TEXTJOIN("; ",TRUE,J22,L22)) -> #NAME? | O22: 116 | Q22: 24 | S22: =IF(OR(O22="",O22=":",Q22="",Q22=":"),"",O22*Q22) -> 2784 | T22: =IF(_xludf.TEXTJOIN("; ",TRUE,P22,R22)="","",_xludf.TEXTJOIN("; ",TRUE,P22,R22)) -> #NAME?
A23: BG33 | B23: Severoiztochen | C23: 4 | E23: 14 | G23: =IF(OR(C23="",C23=":",E23="",E23=":"),"",C23*E23) -> 56 | H23: =IF(_xludf.TEXTJOIN("; ",TRUE,D23,F23)="","",_xludf.TEXTJOIN("; ",TRUE,D23,F23)) -> #NAME? | I23: 7 | K23: 14 | M23: =IF(OR(I23="",I23=":",K23="",K23=":"),"",I23*K23) -> 98 | N23: =IF(_xludf.TEXTJOIN("; ",TRUE,J23,L23)="","",_xludf.TEXTJOIN("; ",TRUE,J23,L23)) -> #NAME? | O23: 5 | Q23: 13 | S23: =IF(OR(O23="",O23=":",Q23="",Q23=":"),"",O23*Q23) -> 65 | T23: =IF(_xludf.TEXTJOIN("; ",TRUE,P23,R23)="","",_xludf.TEXTJOIN("; ",TRUE,P23,R23)) -> #NAME?
A24: BG34 | B24: Yugoiztochen | C24: 244 | E24: 26 | G24: =IF(OR(C24="",C24=":",E24="",E24=":"),"",C24*E24) -> 6344 | H24: =IF(_xludf.TEXTJOIN("; ",TRUE,D24,F24)="","",_xludf.TEXTJOIN("; ",TRUE,D24,F24)) -> #NAME? | I24: 199 | K24: 30 | M24: =IF(OR(I24="",I24=":",K24="",K24=":"),"",I24*K24) -> 5970 | N24: =IF(_xludf.TEXTJOIN("; ",TRUE,J24,L24)="","",_xludf.TEXTJOIN("; ",TRUE,J24,L24)) -> #NAME? | O24: 191 | Q24: 29 | S24: =IF(OR(O24="",O24=":",Q24="",Q24=":"),"",O24*Q24) -> 5539 | T24: =IF(_xludf.TEXTJOIN("; ",TRUE,P24,R24)="","",_xludf.TEXTJOIN("; ",TRUE,P24,R24)) -> #NAME?
A25: BG4 | B25: Yugozapadna i Yuzhna tsentralna Bulgaria | C25: 181 | E25: 77 | G25: =IF(OR(C25="",C25=":",E25="",E25=":"),"",C25*E25) -> 13937 | H25: =IF(_xludf.TEXTJOIN("; ",TRUE,D25,F25)="","",_xludf.TEXTJOIN("; ",TRUE,D25,F25)) -> #NAME? | I25: 181 | K25: 70 | M25: =IF(OR(I25="",I25=":",K25="",K25=":"),"",I25*K25) -> 12670 | N25: =IF(_xludf.TEXTJOIN("; ",TRUE,J25,L25)="","",_xludf.TEXTJOIN("; ",TRUE,J25,L25)) -> #NAME? | O25: 165 | Q25: 77 | S25: =IF(OR(O25="",O25=":",Q25="",Q25=":"),"",O25*Q25) -> 12705 | T25: =IF(_xludf.TEXTJOIN("; ",TRUE,P25,R25)="","",_xludf.TEXTJOIN("; ",TRUE,P25,R25)) -> #NAME?
A26: BG41 | B26: Yugozapaden | C26: 176 | E26: 36 | G26: =IF(OR(C26="",C26=":",E26="",E26=":"),"",C26*E26) -> 6336 | H26: =IF(_xludf.TEXTJOIN("; ",TRUE,D26,F26)="","",_xludf.TEXTJOIN("; ",TRUE,D26,F26)) -> #NAME? | I26: 187 | K26: 33 | M26: =IF(OR(I26="",I26=":",K26="",K26=":"),"",I26*K26) -> 6171 | N26: =IF(_xludf.TEXTJOIN("; ",TRUE,J26,L26)="","",_xludf.TEXTJOIN("; ",TRUE,J26,L26)) -> #NAME? | O26: 176 | Q26: 35 | S26: =IF(OR(O26="",O26=":",Q26="",Q26=":"),"",O26*Q26) -> 6160 | T26: =IF(_xludf.TEXTJOIN("; ",TRUE,P26,R26)="","",_xludf.TEXTJOIN("; ",TRUE,P26,R26)) -> #NAME?
A27: BG42 | B27: Yuzhen tsentralen | C27: 185 | E27: 41 | G27: =IF(OR(C27="",C27=":",E27="",E27=":"),"",C27*E27) -> 7585 | H27: =IF(_xludf.TEXTJOIN("; ",TRUE,D27,F27)="","",_xludf.TEXTJOIN("; ",TRUE,D27,F27)) -> #NAME? | I27: 175 | K27: 37 | M27: =IF(OR(I27="",I27=":",K27="",K27=":"),"",I27*K27) -> 6475 | N27: =IF(_xludf.TEXTJOIN("; ",TRUE,J27,L27)="","",_xludf.TEXTJOIN("; ",TRUE,J27,L27)) -> #NAME? | O27: 155 | Q27: 42 | S27: =IF(OR(O27="",O27=":",Q27="",Q27=":"),"",O27*Q27) -> 6510 | T27: =IF(_xludf.TEXTJOIN("; ",TRUE,P27,R27)="","",_xludf.TEXTJOIN("; ",TRUE,P27,R27)) -> #NAME?
A28: CZ | B28: Czechia | C28: 126 | E28: 1384 | G28: =IF(OR(C28="",C28=":",E28="",E28=":"),"",C28*E28) -> 174384 | H28: =IF(_xludf.TEXTJOIN("; ",TRUE,D28,F28)="","",_xludf.TEXTJOIN("; ",TRUE,D28,F28)) -> #NAME? | I28: 125 | K28: 1376 | M28: =IF(OR(I28="",I28=":",K28="",K28=":"),"",I28*K28) -> 172000 | N28: =IF(_xludf.TEXTJOIN("; ",TRUE,J28,L28)="","",_xludf.TEXTJOIN("; ",TRUE,J28,L28)) -> #NAME? | O28: 127 | Q28: 1360 | S28: =IF(OR(O28="",O28=":",Q28="",Q28=":"),"",O28*Q28) -> 172720 | T28: =IF(_xludf.TEXTJOIN("; ",TRUE,P28,R28)="","",_xludf.TEXTJOIN("; ",TRUE,P28,R28)) -> #NAME?
A29: CZ0 | B29: Česko | C29: 126 | E29: 1384 | G29: =IF(OR(C29="",C29=":",E29="",E29=":"),"",C29*E29) -> 174384 | H29: =IF(_xludf.TEXTJOIN("; ",TRUE,D29,F29)="","",_xludf.TEXTJOIN("; ",TRUE,D29,F29)) -> #NAME? | I29: 125 | K29: 1376 | M29: =IF(OR(I29="",I29=":",K29="",K29=":"),"",I29*K29) -> 172000 | N29: =IF(_xludf.TEXTJOIN("; ",TRUE,J29,L29)="","",_xludf.TEXTJOIN("; ",TRUE,J29,L29)) -> #NAME? | O29: 127 | Q29: 1360 | S29: =IF(OR(O29="",O29=":",Q29="",Q29=":"),"",O29*Q29) -> 172720 | T29: =IF(_xludf.TEXTJOIN("; ",TRUE,P29,R29)="","",_xludf.TEXTJOIN("; ",TRUE,P29,R29)) -> #NAME?
A30: CZ01 | B30: Praha | C30: 12 | E30: 159 | G30: =IF(OR(C30="",C30=":",E30="",E30=":"),"",C30*E30) -> 1908 | H30: =IF(_xludf.TEXTJOIN("; ",TRUE,D30,F30)="","",_xludf.TEXTJOIN("; ",TRUE,D30,F30)) -> #NAME? | I30: 19 | K30: 188 | M30: =IF(OR(I30="",I30=":",K30="",K30=":"),"",I30*K30) -> 3572 | N30: =IF(_xludf.TEXTJOIN("; ",TRUE,J30,L30)="","",_xludf.TEXTJOIN("; ",TRUE,J30,L30)) -> #NAME? | O30: 16 | Q30: 188 | S30: =IF(OR(O30="",O30=":",Q30="",Q30=":"),"",O30*Q30) -> 3008 | T30: =IF(_xludf.TEXTJOIN("; ",TRUE,P30,R30)="","",_xludf.TEXTJOIN("; ",TRUE,P30,R30)) -> #NAME?
... A37: CZ08 | B37: Moravskoslezsko | C37: 196 | E37: 119 | G37: =IF(OR(C37="",C37=":",E37="",E37=":"),"",C37*E37) -> 23324 | H37: =IF(_xludf.TEXTJOIN("; ",TRUE,D37,F37)="","",_xludf.TEXTJOIN("; ",TRUE,D37,F37)) -> #NAME? | I37: 186 | K37: 126 | M37: =IF(OR(I37="",I37=":",K37="",K37=":"),"",I37*K37) -> 23436 | N37: =IF(_xludf.TEXTJOIN("; ",TRUE,J37,L37)="","",_xludf.TEXTJOIN("; ",TRUE,J37,L37)) -> #NAME? | O37: 194 | Q37: 125 | S37: =IF(OR(O37="",O37=":",Q37="",Q37=":"),"",O37*Q37) -> 24250 | T37: =IF(_xludf.TEXTJOIN("; ",TRUE,P37,R37)="","",_xludf.TEXTJOIN("; ",TRUE,P37,R37)) -> #NAME?
A38: CZZ | B38: Extra-Regio NUTS 1 | C38: : | E38: 0 | G38: =IF(OR(C38="",C38=":",E38="",E38=":"),"",C38*E38) | H38: =IF(_xludf.TEXTJOIN("; ",TRUE,D38,F38)="","",_xludf.TEXTJOIN("; ",TRUE,D38,F38)) -> #NAME? | I38: : | K38: 0 | M38: =IF(OR(I38="",I38=":",K38="",K38=":"),"",I38*K38) | N38: =IF(_xludf.TEXTJOIN("; ",TRUE,J38,L38)="","",_xludf.TEXTJOIN("; ",TRUE,J38,L38)) -> #NAME? | O38: : | Q38: 0 | S38: =IF(OR(O38="",O38=":",Q38="",Q38=":"),"",O38*Q38) | T38: =IF(_xludf.TEXTJOIN("; ",TRUE,P38,R38)="","",_xludf.TEXTJOIN("; ",TRUE,P38,R38)) -> #NAME?
A39: CZZZ | B39: Extra-Regio NUTS 2 | C39: : | E39: 0 | G39: =IF(OR(C39="",C39=":",E39="",E39=":"),"",C39*E39) | H39: =IF(_xludf.TEXTJOIN("; ",TRUE,D39,F39)="","",_xludf.TEXTJOIN("; ",TRUE,D39,F39)) -> #NAME? | I39: : | K39: 0 | M39: =IF(OR(I39="",I39=":",K39="",K39=":"),"",I39*K39) | N39: =IF(_xludf.TEXTJOIN("; ",TRUE,J39,L39)="","",_xludf.TEXTJOIN("; ",TRUE,J39,L39)) -> #NAME? | O39: : | Q39: 0 | S39: =IF(OR(O39="",O39=":",Q39="",Q39=":"),"",O39*Q39) | T39: =IF(_xludf.TEXTJOIN("; ",TRUE,P39,R39)="","",_xludf.TEXTJOIN("; ",TRUE,P39,R39)) -> #NAME?
A40: DK | B40: Denmark | C40: 23 | E40: 163 | G40: =IF(OR(C40="",C40=":",E40="",E40=":"),"",C40*E40) -> 3749 | H40: =IF(_xludf.TEXTJOIN("; ",TRUE,D40,F40)="","",_xludf.TEXTJOIN("; ",TRUE,D40,F40)) -> #NAME? | I40: 24 | K40: 162 | M40: =IF(OR(I40="",I40=":",K40="",K40=":"),"",I40*K40) -> 3888 | N40: =IF(_xludf.TEXTJOIN("; ",TRUE,J40,L40)="","",_xludf.TEXTJOIN("; ",TRUE,J40,L40)) -> #NAME? | O40: 25 | Q40: 158 | S40: =IF(OR(O40="",O40=":",Q40="",Q40=":"),"",O40*Q40) -> 3950 | T40: =IF(_xludf.TEXTJOIN("; ",TRUE,P40,R40)="","",_xludf.TEXTJOIN("; ",TRUE,P40,R40)) -> #NAME?
A41: DK0 | B41: Danmark | C41: 23 | E41: 163 | G41: =IF(OR(C41="",C41=":",E41="",E41=":"),"",C41*E41) -> 3749 | H41: =IF(_xludf.TEXTJOIN("; ",TRUE,D41,F41)="","",_xludf.TEXTJOIN("; ",TRUE,D41,F41)) -> #NAME? | I41: 24 | K41: 162 | M41: =IF(OR(I41="",I41=":",K41="",K41=":"),"",I41*K41) -> 3888 | N41: =IF(_xludf.TEXTJOIN("; ",TRUE,J41,L41)="","",_xludf.TEXTJOIN("; ",TRUE,J41,L41)) -> #NAME? | O41: 25 | Q41: 158 | S41: =IF(OR(O41="",O41=":",Q41="",Q41=":"),"",O41*Q41) -> 3950 | T41: =IF(_xludf.TEXTJOIN("; ",TRUE,P41,R41)="","",_xludf.TEXTJOIN("; ",TRUE,P41,R41)) -> #NAME?
A42: DK01 | B42: Hovedstaden | C42: 12 | E42: 24 | G42: =IF(OR(C42="",C42=":",E42="",E42=":"),"",C42*E42) -> 288 | H42: =IF(_xludf.TEXTJOIN("; ",TRUE,D42,F42)="","",_xludf.TEXTJOIN("; ",TRUE,D42,F42)) -> #NAME? | I42: 11 | K42: 22 | M42: =IF(OR(I42="",I42=":",K42="",K42=":"),"",I42*K42) -> 242 | N42: =IF(_xludf.TEXTJOIN("; ",TRUE,J42,L42)="","",_xludf.TEXTJOIN("; ",TRUE,J42,L42)) -> #NAME? | O42: 11 | Q42: 20 | S42: =IF(OR(O42="",O42=":",Q42="",Q42=":"),"",O42*Q42) -> 220 | T42: =IF(_xludf.TEXTJOIN("; ",TRUE,P42,R42)="","",_xludf.TEXTJOIN("; ",TRUE,P42,R42)) -> #NAME?
A43: DK02 | B43: Sjælland | C43: 23 | E43: 17 | G43: =IF(OR(C43="",C43=":",E43="",E43=":"),"",C43*E43) -> 391 | H43: =IF(_xludf.TEXTJOIN("; ",TRUE,D43,F43)="","",_xludf.TEXTJOIN("; ",TRUE,D43,F43)) -> #NAME? | I43: 26 | K43: 17 | M43: =IF(OR(I43="",I43=":",K43="",K43=":"),"",I43*K43) -> 442 | N43: =IF(_xludf.TEXTJOIN("; ",TRUE,J43,L43)="","",_xludf.TEXTJOIN("; ",TRUE,J43,L43)) -> #NAME? | O43: 29 | Q43: 17 | S43: =IF(OR(O43="",O43=":",Q43="",Q43=":"),"",O43*Q43) -> 493 | T43: =IF(_xludf.TEXTJOIN("; ",TRUE,P43,R43)="","",_xludf.TEXTJOIN("; ",TRUE,P43,R43)) -> #NAME?
A44: DK03 | B44: Syddanmark | C44: 25 | E44: 59 | G44: =IF(OR(C44="",C44=":",E44="",E44=":"),"",C44*E44) -> 1475 | H44: =IF(_xludf.TEXTJOIN("; ",TRUE,D44,F44)="","",_xludf.TEXTJOIN("; ",TRUE,D44,F44)) -> #NAME? | I44: 25 | K44: 58 | M44: =IF(OR(I44="",I44=":",K44="",K44=":"),"",I44*K44) -> 1450 | N44: =IF(_xludf.TEXTJOIN("; ",TRUE,J44,L44)="","",_xludf.TEXTJOIN("; ",TRUE,J44,L44)) -> #NAME? | O44: 24 | Q44: 60 | S44: =IF(OR(O44="",O44=":",Q44="",Q44=":"),"",O44*Q44) -> 1440 | T44: =IF(_xludf.TEXTJOIN("; ",TRUE,P44,R44)="","",_xludf.TEXTJOIN("; ",TRUE,P44,R44)) -> #NAME?
A45: DK04 | B45: Midtjylland | C45: 22 | E45: 50 | G45: =IF(OR(C45="",C45=":",E45="",E45=":"),"",C45*E45) -> 1100 | H45: =IF(_xludf.TEXTJOIN("; ",TRUE,D45,F45)="","",_xludf.TEXTJOIN("; ",TRUE,D45,F45)) -> #NAME? | I45: 23 | K45: 50 | M45: =IF(OR(I45="",I45=":",K45="",K45=":"),"",I45*K45) -> 1150 | N45: =IF(_xludf.TEXTJOIN("; ",TRUE,J45,L45)="","",_xludf.TEXTJOIN("; ",TRUE,J45,L45)) -> #NAME? | O45: 29 | Q45: 48 | S45: =IF(OR(O45="",O45=":",Q45="",Q45=":"),"",O45*Q45) -> 1392 | T45: =IF(_xludf.TEXTJOIN("; ",TRUE,P45,R45)="","",_xludf.TEXTJOIN("; ",TRUE,P45,R45)) -> #NAME?
A46: DK05 | B46: Nordjylland | C46: 38 | E46: 13 | G46: =IF(OR(C46="",C46=":",E46="",E46=":"),"",C46*E46) -> 494 | H46: =IF(_xludf.TEXTJOIN("; ",TRUE,D46,F46)="","",_xludf.TEXTJOIN("; ",TRUE,D46,F46)) -> #NAME? | I46: 34 | K46: 15 | M46: =IF(OR(I46="",I46=":",K46="",K46=":"),"",I46*K46) -> 510 | N46: =IF(_xludf.TEXTJOIN("; ",TRUE,J46,L46)="","",_xludf.TEXTJOIN("; ",TRUE,J46,L46)) -> #NAME? | O46: 36 | Q46: 13 | S46: =IF(OR(O46="",O46=":",Q46="",Q46=":"),"",O46*Q46) -> 468 | T46: =IF(_xludf.TEXTJOIN("; ",TRUE,P46,R46)="","",_xludf.TEXTJOIN("; ",TRUE,P46,R46)) -> #NAME?
A47: DKZ | B47: Extra-Regio NUTS 1 | C47: : | E47: 0 | G47: =IF(OR(C47="",C47=":",E47="",E47=":"),"",C47*E47) | H47: =IF(_xludf.TEXTJOIN("; ",TRUE,D47,F47)="","",_xludf.TEXTJOIN("; ",TRUE,D47,F47)) -> #NAME? | I47: : | K47: 0 | M47: =IF(OR(I47="",I47=":",K47="",K47=":"),"",I47*K47) | N47: =IF(_xludf.TEXTJOIN("; ",TRUE,J47,L47)="","",_xludf.TEXTJOIN("; ",TRUE,J47,L47)) -> #NAME? | O47: : | Q47: 0 | S47: =IF(OR(O47="",O47=":",Q47="",Q47=":"),"",O47*Q47) | T47: =IF(_xludf.TEXTJOIN("; ",TRUE,P47,R47)="","",_xludf.TEXTJOIN("; ",TRUE,P47,R47)) -> #NAME?
A48: DKZZ | B48: Extra-Regio NUTS 2 | C48: : | E48: 0 | G48: =IF(OR(C48="",C48=":",E48="",E48=":"),"",C48*E48) | H48: =IF(_xludf.TEXTJOIN("; ",TRUE,D48,F48)="","",_xludf.TEXTJOIN("; ",TRUE,D48,F48)) -> #NAME? | I48: : | K48: 0 | M48: =IF(OR(I48="",I48=":",K48="",K48=":"),"",I48*K48) | N48: =IF(_xludf.TEXTJOIN("; ",TRUE,J48,L48)="","",_xludf.TEXTJOIN("; ",TRUE,J48,L48)) -> #NAME? | O48: : | Q48: 0 | S48: =IF(OR(O48="",O48=":",Q48="",Q48=":"),"",O48*Q48) | T48: =IF(_xludf.TEXTJOIN("; ",TRUE,P48,R48)="","",_xludf.TEXTJOIN("; ",TRUE,P48,R48)) -> #NAME?
A49: DE | B49: Germany | C49: 243 | E49: 3695 | G49: =IF(OR(C49="",C49=":",E49="",E49=":"),"",C49*E49) -> 897885 | H49: =IF(_xludf.TEXTJOIN("; ",TRUE,D49,F49)="","",_xludf.TEXTJOIN("; ",TRUE,D49,F49)) -> #NAME? | I49: 231 | K49: 3720 | M49: =IF(OR(I49="",I49=":",K49="",K49=":"),"",I49*K49) -> 859320 | N49: =IF(_xludf.TEXTJOIN("; ",TRUE,J49,L49)="","",_xludf.TEXTJOIN("; ",TRUE,J49,L49)) -> #NAME? | O49: 228 | Q49: 3717 | S49: =IF(OR(O49="",O49=":",Q49="",Q49=":"),"",O49*Q49) -> 847476 | T49: =IF(_xludf.TEXTJOIN("; ",TRUE,P49,R49)="","",_xludf.TEXTJOIN("; ",TRUE,P49,R49)) -> #NAME?
A50: DE1 | B50: Baden-Württemberg | C50: 330 | E50: 700 | G50: =IF(OR(C50="",C50=":",E50="",E50=":"),"",C50*E50) -> 231000 | H50: =IF(_xludf.TEXTJOIN("; ",TRUE,D50,F50)="","",_xludf.TEXTJOIN("; ",TRUE,D50,F50)) -> #NAME? | I50: 326 | K50: 707 | M50: =IF(OR(I50="",I50=":",K50="",K50=":"),"",I50*K50) -> 230482 | N50: =IF(_xludf.TEXTJOIN("; ",TRUE,J50,L50)="","",_xludf.TEXTJOIN("; ",TRUE,J50,L50)) -> #NAME? | O50: 328 | Q50: 696 | S50: =IF(OR(O50="",O50=":",Q50="",Q50=":"),"",O50*Q50) -> 228288 | T50: =IF(_xludf.TEXTJOIN("; ",TRUE,P50,R50)="","",_xludf.TEXTJOIN("; ",TRUE,P50,R50)) -> #NAME?
A51: DE11 | B51: Stuttgart | C51: 519 | E51: 293 | G51: =IF(OR(C51="",C51=":",E51="",E51=":"),"",C51*E51) -> 152067 | H51: =IF(_xludf.TEXTJOIN("; ",TRUE,D51,F51)="","",_xludf.TEXTJOIN("; ",TRUE,D51,F51)) -> #NAME? | I51: 525 | K51: 291 | M51: =IF(OR(I51="",I51=":",K51="",K51=":"),"",I51*K51) -> 152775 | N51: =IF(_xludf.TEXTJOIN("; ",TRUE,J51,L51)="","",_xludf.TEXTJOIN("; ",TRUE,J51,L51)) -> #NAME? | O51: 533 | Q51: 285 | S51: =IF(OR(O51="",O51=":",Q51="",Q51=":"),"",O51*Q51) -> 151905 | T51: =IF(_xludf.TEXTJOIN("; ",TRUE,P51,R51)="","",_xludf.TEXTJOIN("; ",TRUE,P51,R51)) -> #NAME?
A52: DE12 | B52: Karlsruhe | C52: 283 | E52: 157 | G52: =IF(OR(C52="",C52=":",E52="",E52=":"),"",C52*E52) -> 44431 | H52: =IF(_xludf.TEXTJOIN("; ",TRUE,D52,F52)="","",_xludf.TEXTJOIN("; ",TRUE,D52,F52)) -> #NAME? | I52: 263 | K52: 162 | M52: =IF(OR(I52="",I52=":",K52="",K52=":"),"",I52*K52) -> 42606 | N52: =IF(_xludf.TEXTJOIN("; ",TRUE,J52,L52)="","",_xludf.TEXTJOIN("; ",TRUE,J52,L52)) -> #NAME? | O52: 263 | Q52: 158 | S52: =IF(OR(O52="",O52=":",Q52="",Q52=":"),"",O52*Q52) -> 41554 | T52: =IF(_xludf.TEXTJOIN("; ",TRUE,P52,R52)="","",_xludf.TEXTJOIN("; ",TRUE,P52,R52)) -> #NAME?
A53: DE13 | B53: Freiburg | C53: 88 | E53: 119 | G53: =IF(OR(C53="",C53=":",E53="",E53=":"),"",C53*E53) -> 10472 | H53: =IF(_xludf.TEXTJOIN("; ",TRUE,D53,F53)="","",_xludf.TEXTJOIN("; ",TRUE,D53,F53)) -> #NAME? | I53: 85 | K53: 117 | M53: =IF(OR(I53="",I53=":",K53="",K53=":"),"",I53*K53) -> 9945 | N53: =IF(_xludf.TEXTJOIN("; ",TRUE,J53,L53)="","",_xludf.TEXTJOIN("; ",TRUE,J53,L53)) -> #NAME? | O53: 81 | Q53: 125 | S53: =IF(OR(O53="",O53=":",Q53="",Q53=":"),"",O53*Q53) -> 10125 | T53: =IF(_xludf.TEXTJOIN("; ",TRUE,P53,R53)="","",_xludf.TEXTJOIN("; ",TRUE,P53,R53)) -> #NAME?
A54: DE14 | B54: Tübingen | C54: 185 | E54: 131 | G54: =IF(OR(C54="",C54=":",E54="",E54=":"),"",C54*E54) -> 24235 | H54: =IF(_xludf.TEXTJOIN("; ",TRUE,D54,F54)="","",_xludf.TEXTJOIN("; ",TRUE,D54,F54)) -> #NAME? | I54: 180 | K54: 137 | M54: =IF(OR(I54="",I54=":",K54="",K54=":"),"",I54*K54) -> 24660 | N54: =IF(_xludf.TEXTJOIN("; ",TRUE,J54,L54)="","",_xludf.TEXTJOIN("; ",TRUE,J54,L54)) -> #NAME? | O54: 195 | Q54: 128 | S54: =IF(OR(O54="",O54=":",Q54="",Q54=":"),"",O54*Q54) -> 24960 | T54: =IF(_xludf.TEXTJOIN("; ",TRUE,P54,R54)="","",_xludf.TEXTJOIN("; ",TRUE,P54,R54)) -> #NAME?
A55: DE2 | B55: Bayern | C55: 346 | E55: 651 | G55: =IF(OR(C55="",C55=":",E55="",E55=":"),"",C55*E55) -> 225246 | H55: =IF(_xludf.TEXTJOIN("; ",TRUE,D55,F55)="","",_xludf.TEXTJOIN("; ",TRUE,D55,F55)) -> #NAME? | I55: 322 | K55: 668 | M55: =IF(OR(I55="",I55=":",K55="",K55=":"),"",I55*K55) -> 215096 | N55: =IF(_xludf.TEXTJOIN("; ",TRUE,J55,L55)="","",_xludf.TEXTJOIN("; ",TRUE,J55,L55)) -> #NAME? | O55: 318 | Q55: 669 | S55: =IF(OR(O55="",O55=":",Q55="",Q55=":"),"",O55*Q55) -> 212742 | T55: =IF(_xludf.TEXTJOIN("; ",TRUE,P55,R55)="","",_xludf.TEXTJOIN("; ",TRUE,P55,R55)) -> #NAME?
A56: DE21 | B56: Oberbayern | C56: 488 | E56: 230 | G56: =IF(OR(C56="",C56=":",E56="",E56=":"),"",C56*E56) -> 112240 | H56: =IF(_xludf.TEXTJOIN("; ",TRUE,D56,F56)="","",_xludf.TEXTJOIN("; ",TRUE,D56,F56)) -> #NAME? | I56: 446 | K56: 235 | M56: =IF(OR(I56="",I56=":",K56="",K56=":"),"",I56*K56) -> 104810 | N56: =IF(_xludf.TEXTJOIN("; ",TRUE,J56,L56)="","",_xludf.TEXTJOIN("; ",TRUE,J56,L56)) -> #NAME? | O56: 435 | Q56: 240 | S56: =IF(OR(O56="",O56=":",Q56="",Q56=":"),"",O56*Q56) -> 104400 | T56: =IF(_xludf.TEXTJOIN("; ",TRUE,P56,R56)="","",_xludf.TEXTJOIN("; ",TRUE,P56,R56)) -> #NAME?
A57: DE22 | B57: Niederbayern | C57: 502 | E57: 72 | G57: =IF(OR(C57="",C57=":",E57="",E57=":"),"",C57*E57) -> 36144 | H57: =IF(_xludf.TEXTJOIN("; ",TRUE,D57,F57)="","",_xludf.TEXTJOIN("; ",TRUE,D57,F57)) -> #NAME? | I57: 479 | K57: 79 | M57: =IF(OR(I57="",I57=":",K57="",K57=":"),"",I57*K57) -> 37841 | N57: =IF(_xludf.TEXTJOIN("; ",TRUE,J57,L57)="","",_xludf.TEXTJOIN("; ",TRUE,J57,L57)) -> #NAME? | O57: 460 | Q57: 81 | S57: =IF(OR(O57="",O57=":",Q57="",Q57=":"),"",O57*Q57) -> 37260 | T57: =IF(_xludf.TEXTJOIN("; ",TRUE,P57,R57)="","",_xludf.TEXTJOIN("; ",TRUE,P57,R57)) -> #NAME?
A58: DE23 | B58: Oberpfalz | C58: 247 | E58: 72 | G58: =IF(OR(C58="",C58=":",E58="",E58=":"),"",C58*E58) -> 17784 | H58: =IF(_xludf.TEXTJOIN("; ",TRUE,D58,F58)="","",_xludf.TEXTJOIN("; ",TRUE,D58,F58)) -> #NAME? | I58: 230 | K58: 74 | M58: =IF(OR(I58="",I58=":",K58="",K58=":"),"",I58*K58) -> 17020 | N58: =IF(_xludf.TEXTJOIN("; ",TRUE,J58,L58)="","",_xludf.TEXTJOIN("; ",TRUE,J58,L58)) -> #NAME? | O58: 252 | Q58: 68 | S58: =IF(OR(O58="",O58=":",Q58="",Q58=":"),"",O58*Q58) -> 17136 | T58: =IF(_xludf.TEXTJOIN("; ",TRUE,P58,R58)="","",_xludf.TEXTJOIN("; ",TRUE,P58,R58)) -> #NAME?
A59: DE24 | B59: Oberfranken | C59: 198 | E59: 47 | G59: =IF(OR(C59="",C59=":",E59="",E59=":"),"",C59*E59) -> 9306 | H59: =IF(_xludf.TEXTJOIN("; ",TRUE,D59,F59)="","",_xludf.TEXTJOIN("; ",TRUE,D59,F59)) -> #NAME? | I59: 177 | K59: 51 | M59: =IF(OR(I59="",I59=":",K59="",K59=":"),"",I59*K59) -> 9027 | N59: =IF(_xludf.TEXTJOIN("; ",TRUE,J59,L59)="","",_xludf.TEXTJOIN("; ",TRUE,J59,L59)) -> #NAME? | O59: 170 | Q59: 51 | S59: =IF(OR(O59="",O59=":",Q59="",Q59=":"),"",O59*Q59) -> 8670 | T59: =IF(_xludf.TEXTJOIN("; ",TRUE,P59,R59)="","",_xludf.TEXTJOIN("; ",TRUE,P59,R59)) -> #NAME?
A60: DE25 | B60: Mittelfranken | C60: 144 | E60: 66 | G60: =IF(OR(C60="",C60=":",E60="",E60=":"),"",C60*E60) -> 9504 | H60: =IF(_xludf.TEXTJOIN("; ",TRUE,D60,F60)="","",_xludf.TEXTJOIN("; ",TRUE,D60,F60)) -> #NAME? | I60: 134 | K60: 64 | M60: =IF(OR(I60="",I60=":",K60="",K60=":"),"",I60*K60) -> 8576 | N60: =IF(_xludf.TEXTJOIN("; ",TRUE,J60,L60)="","",_xludf.TEXTJOIN("; ",TRUE,J60,L60)) -> #NAME? | O60: 125 | Q60: 62 | S60: =IF(OR(O60="",O60=":",Q60="",Q60=":"),"",O60*Q60) -> 7750 | T60: =IF(_xludf.TEXTJOIN("; ",TRUE,P60,R60)="","",_xludf.TEXTJOIN("; ",TRUE,P60,R60)) -> #NAME?
... A68: DE50 | B68: Bremen | C68: 533 | E68: 31 | G68: =IF(OR(C68="",C68=":",E68="",E68=":"),"",C68*E68) -> 16523 | H68: =IF(_xludf.TEXTJOIN("; ",TRUE,D68,F68)="","",_xludf.TEXTJOIN("; ",TRUE,D68,F68)) -> #NAME? | I68: 566 | K68: 29 | M68: =IF(OR(I68="",I68=":",K68="",K68=":"),"",I68*K68) -> 16414 | N68: =IF(_xludf.TEXTJOIN("; ",TRUE,J68,L68)="","",_xludf.TEXTJOIN("; ",TRUE,J68,L68)) -> #NAME? | O68: 561 | Q68: 28 | S68: =IF(OR(O68="",O68=":",Q68="",Q68=":"),"",O68*Q68) -> 15708 | T68: =IF(_xludf.TEXTJOIN("; ",TRUE,P68,R68)="","",_xludf.TEXTJOIN("; ",TRUE,P68,R68)) -> #NAME?
A69: DE6 | B69: Hamburg | C69: : | D69: C | E69: 31 | G69: =IF(OR(C69="",C69=":",E69="",E69=":"),"",C69*E69) | H69: =IF(_xludf.TEXTJOIN("; ",TRUE,D69,F69)="","",_xludf.TEXTJOIN("; ",TRUE,D69,F69)) -> #NAME? | I69: : | J69: C | K69: 28 | M69: =IF(OR(I69="",I69=":",K69="",K69=":"),"",I69*K69) | N69: =IF(_xludf.TEXTJOIN("; ",TRUE,J69,L69)="","",_xludf.TEXTJOIN("; ",TRUE,J69,L69)) -> #NAME? | O69: 79 | Q69: 31 | S69: =IF(OR(O69="",O69=":",Q69="",Q69=":"),"",O69*Q69) -> 2449 | T69: =IF(_xludf.TEXTJOIN("; ",TRUE,P69,R69)="","",_xludf.TEXTJOIN("; ",TRUE,P69,R69)) -> #NAME?
A70: DE60 | B70: Hamburg | C70: : | D70: C | E70: 31 | G70: =IF(OR(C70="",C70=":",E70="",E70=":"),"",C70*E70) | H70: =IF(_xludf.TEXTJOIN("; ",TRUE,D70,F70)="","",_xludf.TEXTJOIN("; ",TRUE,D70,F70)) -> #NAME? | I70: : | J70: C | K70: 28 | M70: =IF(OR(I70="",I70=":",K70="",K70=":"),"",I70*K70) | N70: =IF(_xludf.TEXTJOIN("; ",TRUE,J70,L70)="","",_xludf.TEXTJOIN("; ",TRUE,J70,L70)) -> #NAME? | O70: 79 | Q70: 31 | S70: =IF(OR(O70="",O70=":",Q70="",Q70=":"),"",O70*Q70) -> 2449 | T70: =IF(_xludf.TEXTJOIN("; ",TRUE,P70,R70)="","",_xludf.TEXTJOIN("; ",TRUE,P70,R70)) -> #NAME?
A71: DE7 | B71: Hessen | C71: 248 | E71: 208 | G71: =IF(OR(C71="",C71=":",E71="",E71=":"),"",C71*E71) -> 51584 | H71: =IF(_xludf.TEXTJOIN("; ",TRUE,D71,F71)="","",_xludf.TEXTJOIN("; ",TRUE,D71,F71)) -> #NAME? | I71: 216 | K71: 227 | M71: =IF(OR(I71="",I71=":",K71="",K71=":"),"",I71*K71) -> 49032 | N71: =IF(_xludf.TEXTJOIN("; ",TRUE,J71,L71)="","",_xludf.TEXTJOIN("; ",TRUE,J71,L71)) -> #NAME? | O71: 215 | Q71: 220 | S71: =IF(OR(O71="",O71=":",Q71="",Q71=":"),"",O71*Q71) -> 47300 | T71: =IF(_xludf.TEXTJOIN("; ",TRUE,P71,R71)="","",_xludf.TEXTJOIN("; ",TRUE,P71,R71)) -> #NAME?
A72: DE71 | B72: Darmstadt | C72: 199 | E72: 122 | G72: =IF(OR(C72="",C72=":",E72="",E72=":"),"",C72*E72) -> 24278 | H72: =IF(_xludf.TEXTJOIN("; ",TRUE,D72,F72)="","",_xludf.TEXTJOIN("; ",TRUE,D72,F72)) -> #NAME? | I72: 166 | K72: 136 | M72: =IF(OR(I72="",I72=":",K72="",K72=":"),"",I72*K72) -> 22576 | N72: =IF(_xludf.TEXTJOIN("; ",TRUE,J72,L72)="","",_xludf.TEXTJOIN("; ",TRUE,J72,L72)) -> #NAME? | O72: 162 | Q72: 129 | S72: =IF(OR(O72="",O72=":",Q72="",Q72=":"),"",O72*Q72) -> 20898 | T72: =IF(_xludf.TEXTJOIN("; ",TRUE,P72,R72)="","",_xludf.TEXTJOIN("; ",TRUE,P72,R72)) -> #NAME?
A73: DE72 | B73: Gießen | C73: 55 | E73: 38 | G73: =IF(OR(C73="",C73=":",E73="",E73=":"),"",C73*E73) -> 2090 | H73: =IF(_xludf.TEXTJOIN("; ",TRUE,D73,F73)="","",_xludf.TEXTJOIN("; ",TRUE,D73,F73)) -> #NAME? | I73: 51 | K73: 42 | M73: =IF(OR(I73="",I73=":",K73="",K73=":"),"",I73*K73) -> 2142 | N73: =IF(_xludf.TEXTJOIN("; ",TRUE,J73,L73)="","",_xludf.TEXTJOIN("; ",TRUE,J73,L73)) -> #NAME? | O73: 51 | Q73: 42 | S73: =IF(OR(O73="",O73=":",Q73="",Q73=":"),"",O73*Q73) -> 2142 | T73: =IF(_xludf.TEXTJOIN("; ",TRUE,P73,R73)="","",_xludf.TEXTJOIN("; ",TRUE,P73,R73)) -> #NAME?
A74: DE73 | B74: Kassel | C74: 524 | E74: 48 | G74: =IF(OR(C74="",C74=":",E74="",E74=":"),"",C74*E74) -> 25152 | H74: =IF(_xludf.TEXTJOIN("; ",TRUE,D74,F74)="","",_xludf.TEXTJOIN("; ",TRUE,D74,F74)) -> #NAME? | I74: 495 | K74: 49 | M74: =IF(OR(I74="",I74=":",K74="",K74=":"),"",I74*K74) -> 24255 | N74: =IF(_xludf.TEXTJOIN("; ",TRUE,J74,L74)="","",_xludf.TEXTJOIN("; ",TRUE,J74,L74)) -> #NAME? | O74: 497 | Q74: 49 | S74: =IF(OR(O74="",O74=":",Q74="",Q74=":"),"",O74*Q74) -> 24353 | T74: =IF(_xludf.TEXTJOIN("; ",TRUE,P74,R74)="","",_xludf.TEXTJOIN("; ",TRUE,P74,R74)) -> #NAME?
A75: DE8 | B75: Mecklenburg-Vorpommern | C75: 84 | E75: 40 | G75: =IF(OR(C75="",C75=":",E75="",E75=":"),"",C75*E75) -> 3360 | H75: =IF(_xludf.TEXTJOIN("; ",TRUE,D75,F75)="","",_xludf.TEXTJOIN("; ",TRUE,D75,F75)) -> #NAME? | I75: 91 | K75: 37 | M75: =IF(OR(I75="",I75=":",K75="",K75=":"),"",I75*K75) -> 3367 | N75: =IF(_xludf.TEXTJOIN("; ",TRUE,J75,L75)="","",_xludf.TEXTJOIN("; ",TRUE,J75,L75)) -> #NAME? | O75: 93 | Q75: 34 | S75: =IF(OR(O75="",O75=":",Q75="",Q75=":"),"",O75*Q75) -> 3162 | T75: =IF(_xludf.TEXTJOIN("; ",TRUE,P75,R75)="","",_xludf.TEXTJOIN("; ",TRUE,P75,R75)) -> #NAME?
A76: DE80 | B76: Mecklenburg-Vorpommern | C76: 84 | E76: 40 | G76: =IF(OR(C76="",C76=":",E76="",E76=":"),"",C76*E76) -> 3360 | H76: =IF(_xludf.TEXTJOIN("; ",TRUE,D76,F76)="","",_xludf.TEXTJOIN("; ",TRUE,D76,F76)) -> #NAME? | I76: 91 | K76: 37 | M76: =IF(OR(I76="",I76=":",K76="",K76=":"),"",I76*K76) -> 3367 | N76: =IF(_xludf.TEXTJOIN("; ",TRUE,J76,L76)="","",_xludf.TEXTJOIN("; ",TRUE,J76,L76)) -> #NAME? | O76: 93 | Q76: 34 | S76: =IF(OR(O76="",O76=":",Q76="",Q76=":"),"",O76*Q76) -> 3162 | T76: =IF(_xludf.TEXTJOIN("; ",TRUE,P76,R76)="","",_xludf.TEXTJOIN("; ",TRUE,P76,R76)) -> #NAME?
A77: DE9 | B77: Niedersachsen | C77: 420 | E77: 358 | G77: =IF(OR(C77="",C77=":",E77="",E77=":"),"",C77*E77) -> 150360 | H77: =IF(_xludf.TEXTJOIN("; ",TRUE,D77,F77)="","",_xludf.TEXTJOIN("; ",TRUE,D77,F77)) -> #NAME? | I77: 372 | K77: 363 | M77: =IF(OR(I77="",I77=":",K77="",K77=":"),"",I77*K77) -> 135036 | N77: =IF(_xludf.TEXTJOIN("; ",TRUE,J77,L77)="","",_xludf.TEXTJOIN("; ",TRUE,J77,L77)) -> #NAME? | O77: 365 | Q77: 362 | S77: =IF(OR(O77="",O77=":",Q77="",Q77=":"),"",O77*Q77) -> 132130 | T77: =IF(_xludf.TEXTJOIN("; ",TRUE,P77,R77)="","",_xludf.TEXTJOIN("; ",TRUE,P77,R77)) -> #NAME?
A78: DE91 | B78: Braunschweig | C78: 1595 | E78: 62 | G78: =IF(OR(C78="",C78=":",E78="",E78=":"),"",C78*E78) -> 98890 | H78: =IF(_xludf.TEXTJOIN("; ",TRUE,D78,F78)="","",_xludf.TEXTJOIN("; ",TRUE,D78,F78)) -> #NAME? | I78: 1262 | K78: 67 | M78: =IF(OR(I78="",I78=":",K78="",K78=":"),"",I78*K78) -> 84554 | N78: =IF(_xludf.TEXTJOIN("; ",TRUE,J78,L78)="","",_xludf.TEXTJOIN("; ",TRUE,J78,L78)) -> #NAME? | O78: 1254 | Q78: 66 | S78: =IF(OR(O78="",O78=":",Q78="",Q78=":"),"",O78*Q78) -> 82764 | T78: =IF(_xludf.TEXTJOIN("; ",TRUE,P78,R78)="","",_xludf.TEXTJOIN("; ",TRUE,P78,R78)) -> #NAME?
A79: DE92 | B79: Hannover | C79: 282 | E79: 88 | G79: =IF(OR(C79="",C79=":",E79="",E79=":"),"",C79*E79) -> 24816 | H79: =IF(_xludf.TEXTJOIN("; ",TRUE,D79,F79)="","",_xludf.TEXTJOIN("; ",TRUE,D79,F79)) -> #NAME? | I79: 265 | K79: 91 | M79: =IF(OR(I79="",I79=":",K79="",K79=":"),"",I79*K79) -> 24115 | N79: =IF(_xludf.TEXTJOIN("; ",TRUE,J79,L79)="","",_xludf.TEXTJOIN("; ",TRUE,J79,L79)) -> #NAME? | O79: 278 | Q79: 85 | S79: =IF(OR(O79="",O79=":",Q79="",Q79=":"),"",O79*Q79) -> 23630 | T79: =IF(_xludf.TEXTJOIN("; ",TRUE,P79,R79)="","",_xludf.TEXTJOIN("; ",TRUE,P79,R79)) -> #NAME?
A80: DE93 | B80: Lüneburg | C80: 56 | E80: 66 | G80: =IF(OR(C80="",C80=":",E80="",E80=":"),"",C80*E80) -> 3696 | H80: =IF(_xludf.TEXTJOIN("; ",TRUE,D80,F80)="","",_xludf.TEXTJOIN("; ",TRUE,D80,F80)) -> #NAME? | I80: 53 | K80: 63 | M80: =IF(OR(I80="",I80=":",K80="",K80=":"),"",I80*K80) -> 3339 | N80: =IF(_xludf.TEXTJOIN("; ",TRUE,J80,L80)="","",_xludf.TEXTJOIN("; ",TRUE,J80,L80)) -> #NAME? | O80: 54 | Q80: 60 | S80: =IF(OR(O80="",O80=":",Q80="",Q80=":"),"",O80*Q80) -> 3240 | T80: =IF(_xludf.TEXTJOIN("; ",TRUE,P80,R80)="","",_xludf.TEXTJOIN("; ",TRUE,P80,R80)) -> #NAME?
A81: DE94 | B81: Weser-Ems | C81: 162 | E81: 142 | G81: =IF(OR(C81="",C81=":",E81="",E81=":"),"",C81*E81) -> 23004 | H81: =IF(_xludf.TEXTJOIN("; ",TRUE,D81,F81)="","",_xludf.TEXTJOIN("; ",TRUE,D81,F81)) -> #NAME? | I81: 162 | K81: 142 | M81: =IF(OR(I81="",I81=":",K81="",K81=":"),"",I81*K81) -> 23004 | N81: =IF(_xludf.TEXTJOIN("; ",TRUE,J81,L81)="","",_xludf.TEXTJOIN("; ",TRUE,J81,L81)) -> #NAME? | O81: 148 | Q81: 151 | S81: =IF(OR(O81="",O81=":",Q81="",Q81=":"),"",O81*Q81) -> 22348 | T81: =IF(_xludf.TEXTJOIN("; ",TRUE,P81,R81)="","",_xludf.TEXTJOIN("; ",TRUE,P81,R81)) -> #NAME?
A82: DEA | B82: Nordrhein-Westfalen | C82: 111 | E82: 746 | G82: =IF(OR(C82="",C82=":",E82="",E82=":"),"",C82*E82) -> 82806 | H82: =IF(_xludf.TEXTJOIN("; ",TRUE,D82,F82)="","",_xludf.TEXTJOIN("; ",TRUE,D82,F82)) -> #NAME? | I82: 112 | K82: 710 | M82: =IF(OR(I82="",I82=":",K82="",K82=":"),"",I82*K82) -> 79520 | N82: =IF(_xludf.TEXTJOIN("; ",TRUE,J82,L82)="","",_xludf.TEXTJOIN("; ",TRUE,J82,L82)) -> #NAME? | O82: 104 | Q82: 721 | S82: =IF(OR(O82="",O82=":",Q82="",Q82=":"),"",O82*Q82) -> 74984 | T82: =IF(_xludf.TEXTJOIN("; ",TRUE,P82,R82)="","",_xludf.TEXTJOIN("; ",TRUE,P82,R82)) -> #NAME?
... A99: DEE0 | B99: Sachsen-Anhalt | C99: 57 | E99: 82 | G99: =IF(OR(C99="",C99=":",E99="",E99=":"),"",C99*E99) -> 4674 | H99: =IF(_xludf.TEXTJOIN("; ",TRUE,D99,F99)="","",_xludf.TEXTJOIN("; ",TRUE,D99,F99)) -> #NAME? | I99: 59 | K99: 79 | M99: =IF(OR(I99="",I99=":",K99="",K99=":"),"",I99*K99) -> 4661 | N99: =IF(_xludf.TEXTJOIN("; ",TRUE,J99,L99)="","",_xludf.TEXTJOIN("; ",TRUE,J99,L99)) -> #NAME? | O99: 59 | Q99: 83 | S99: =IF(OR(O99="",O99=":",Q99="",Q99=":"),"",O99*Q99) -> 4897 | T99: =IF(_xludf.TEXTJOIN("; ",TRUE,P99,R99)="","",_xludf.TEXTJOIN("; ",TRUE,P99,R99)) -> #NAME?
A100: DEF | B100: Schleswig-Holstein | C100: : | D100: C | E100: 82 | G100: =IF(OR(C100="",C100=":",E100="",E100=":"),"",C100*E100) | H100: =IF(_xludf.TEXTJOIN("; ",TRUE,D100,F100)="","",_xludf.TEXTJOIN("; ",TRUE,D100,F100)) -> #NAME? | I100: : | J100: C | K100: 89 | M100: =IF(OR(I100="",I100=":",K100="",K100=":"),"",I100*K100) | N100: =IF(_xludf.TEXTJOIN("; ",TRUE,J100,L100)="","",_xludf.TEXTJOIN("; ",TRUE,J100,L100)) -> #NAME? | O100: 36 | Q100: 88 | S100: =IF(OR(O100="",O100=":",Q100="",Q100=":"),"",O100*Q100) -> 3168 | T100: =IF(_xludf.TEXTJOIN("; ",TRUE,P100,R100)="","",_xludf.TEXTJOIN("; ",TRUE,P100,R100)) -> #NAME?
A101: DEF0 | B101: Schleswig-Holstein | C101: : | D101: C | E101: 82 | G101: =IF(OR(C101="",C101=":",E101="",E101=":"),"",C101*E101) | H101: =IF(_xludf.TEXTJOIN("; ",TRUE,D101,F101)="","",_xludf.TEXTJOIN("; ",TRUE,D101,F101)) -> #NAME? | I101: : | J101: C | K101: 89 | M101: =IF(OR(I101="",I101=":",K101="",K101=":"),"",I101*K101) | N101: =IF(_xludf.TEXTJOIN("; ",TRUE,J101,L101)="","",_xludf.TEXTJOIN("; ",TRUE,J101,L101)) -> #NAME? | O101: 36 | Q101: 88 | S101: =IF(OR(O101="",O101=":",Q101="",Q101=":"),"",O101*Q101) -> 3168 | T101: =IF(_xludf.TEXTJOIN("; ",TRUE,P101,R101)="","",_xludf.TEXTJOIN("; ",TRUE,P101,R101)) -> #NAME?
A102: DEG | B102: Thüringen | C102: 127 | E102: 131 | G102: =IF(OR(C102="",C102=":",E102="",E102=":"),"",C102*E102) -> 16637 | H102: =IF(_xludf.TEXTJOIN("; ",TRUE,D102,F102)="","",_xludf.TEXTJOIN("; ",TRUE,D102,F102)) -> #NAME? | I102: 116 | K102: 132 | M102: =IF(OR(I102="",I102=":",K102="",K102=":"),"",I102*K102) -> 15312 | N102: =IF(_xludf.TEXTJOIN("; ",TRUE,J102,L102)="","",_xludf.TEXTJOIN("; ",TRUE,J102,L102)) -> #NAME? | O102: 112 | Q102: 135 | S102: =IF(OR(O102="",O102=":",Q102="",Q102=":"),"",O102*Q102) -> 15120 | T102: =IF(_xludf.TEXTJOIN("; ",TRUE,P102,R102)="","",_xludf.TEXTJOIN("; ",TRUE,P102,R102)) -> #NAME?
A103: DEG0 | B103: Thüringen | C103: 127 | E103: 131 | G103: =IF(OR(C103="",C103=":",E103="",E103=":"),"",C103*E103) -> 16637 | H103: =IF(_xludf.TEXTJOIN("; ",TRUE,D103,F103)="","",_xludf.TEXTJOIN("; ",TRUE,D103,F103)) -> #NAME? | I103: 116 | K103: 132 | M103: =IF(OR(I103="",I103=":",K103="",K103=":"),"",I103*K103) -> 15312 | N103: =IF(_xludf.TEXTJOIN("; ",TRUE,J103,L103)="","",_xludf.TEXTJOIN("; ",TRUE,J103,L103)) -> #NAME? | O103: 112 | Q103: 135 | S103: =IF(OR(O103="",O103=":",Q103="",Q103=":"),"",O103*Q103) -> 15120 | T103: =IF(_xludf.TEXTJOIN("; ",TRUE,P103,R103)="","",_xludf.TEXTJOIN("; ",TRUE,P103,R103)) -> #NAME?
A104: EE | B104: Estonia | C104: 33 | E104: 105 | G104: =IF(OR(C104="",C104=":",E104="",E104=":"),"",C104*E104) -> 3465 | H104: =IF(_xludf.TEXTJOIN("; ",TRUE,D104,F104)="","",_xludf.TEXTJOIN("; ",TRUE,D104,F104)) -> #NAME? | I104: 32 | K104: 109 | M104: =IF(OR(I104="",I104=":",K104="",K104=":"),"",I104*K104) -> 3488 | N104: =IF(_xludf.TEXTJOIN("; ",TRUE,J104,L104)="","",_xludf.TEXTJOIN("; ",TRUE,J104,L104)) -> #NAME? | O104: 30 | Q104: 112 | S104: =IF(OR(O104="",O104=":",Q104="",Q104=":"),"",O104*Q104) -> 3360 | T104: =IF(_xludf.TEXTJOIN("; ",TRUE,P104,R104)="","",_xludf.TEXTJOIN("; ",TRUE,P104,R104)) -> #NAME?
A105: EE0 | B105: Eesti | C105: 33 | E105: 105 | G105: =IF(OR(C105="",C105=":",E105="",E105=":"),"",C105*E105) -> 3465 | H105: =IF(_xludf.TEXTJOIN("; ",TRUE,D105,F105)="","",_xludf.TEXTJOIN("; ",TRUE,D105,F105)) -> #NAME? | I105: 32 | K105: 109 | M105: =IF(OR(I105="",I105=":",K105="",K105=":"),"",I105*K105) -> 3488 | N105: =IF(_xludf.TEXTJOIN("; ",TRUE,J105,L105)="","",_xludf.TEXTJOIN("; ",TRUE,J105,L105)) -> #NAME? | O105: 30 | Q105: 112 | S105: =IF(OR(O105="",O105=":",Q105="",Q105=":"),"",O105*Q105) -> 3360 | T105: =IF(_xludf.TEXTJOIN("; ",TRUE,P105,R105)="","",_xludf.TEXTJOIN("; ",TRUE,P105,R105)) -> #NAME?
A106: EE00 | B106: Eesti | C106: 33 | E106: 105 | G106: =IF(OR(C106="",C106=":",E106="",E106=":"),"",C106*E106) -> 3465 | H106: =IF(_xludf.TEXTJOIN("; ",TRUE,D106,F106)="","",_xludf.TEXTJOIN("; ",TRUE,D106,F106)) -> #NAME? | I106: 32 | K106: 109 | M106: =IF(OR(I106="",I106=":",K106="",K106=":"),"",I106*K106) -> 3488 | N106: =IF(_xludf.TEXTJOIN("; ",TRUE,J106,L106)="","",_xludf.TEXTJOIN("; ",TRUE,J106,L106)) -> #NAME? | O106: 30 | Q106: 112 | S106: =IF(OR(O106="",O106=":",Q106="",Q106=":"),"",O106*Q106) -> 3360 | T106: =IF(_xludf.TEXTJOIN("; ",TRUE,P106,R106)="","",_xludf.TEXTJOIN("; ",TRUE,P106,R106)) -> #NAME?
A107: EEZ | B107: Extra-Regio NUTS 1 | C107: : | E107: 0 | G107: =IF(OR(C107="",C107=":",E107="",E107=":"),"",C107*E107) | H107: =IF(_xludf.TEXTJOIN("; ",TRUE,D107,F107)="","",_xludf.TEXTJOIN("; ",TRUE,D107,F107)) -> #NAME? | I107: : | K107: 0 | M107: =IF(OR(I107="",I107=":",K107="",K107=":"),"",I107*K107) | N107: =IF(_xludf.TEXTJOIN("; ",TRUE,J107,L107)="","",_xludf.TEXTJOIN("; ",TRUE,J107,L107)) -> #NAME? | O107: : | Q107: 0 | S107: =IF(OR(O107="",O107=":",Q107="",Q107=":"),"",O107*Q107) | T107: =IF(_xludf.TEXTJOIN("; ",TRUE,P107,R107)="","",_xludf.TEXTJOIN("; ",TRUE,P107,R107)) -> #NAME?
A108: EEZZ | B108: Extra-Regio NUTS 2 | C108: : | E108: 0 | G108: =IF(OR(C108="",C108=":",E108="",E108=":"),"",C108*E108) | H108: =IF(_xludf.TEXTJOIN("; ",TRUE,D108,F108)="","",_xludf.TEXTJOIN("; ",TRUE,D108,F108)) -> #NAME? | I108: : | K108: 0 | M108: =IF(OR(I108="",I108=":",K108="",K108=":"),"",I108*K108) | N108: =IF(_xludf.TEXTJOIN("; ",TRUE,J108,L108)="","",_xludf.TEXTJOIN("; ",TRUE,J108,L108)) -> #NAME? | O108: : | Q108: 0 | S108: =IF(OR(O108="",O108=":",Q108="",Q108=":"),"",O108*Q108) | T108: =IF(_xludf.TEXTJOIN("; ",TRUE,P108,R108)="","",_xludf.TEXTJOIN("; ",TRUE,P108,R108)) -> #NAME?
A109: IE | B109: Ireland | C109: 20 | E109: 156 | G109: =IF(OR(C109="",C109=":",E109="",E109=":"),"",C109*E109) -> 3120 | H109: =IF(_xludf.TEXTJOIN("; ",TRUE,D109,F109)="","",_xludf.TEXTJOIN("; ",TRUE,D109,F109)) -> #NAME? | I109: : | J109: C | K109: : | L109: C | M109: =IF(OR(I109="",I109=":",K109="",K109=":"),"",I109*K109) | N109: =IF(_xludf.TEXTJOIN("; ",TRUE,J109,L109)="","",_xludf.TEXTJOIN("; ",TRUE,J109,L109)) -> #NAME? | O109: : | P109: C | Q109: : | R109: C | S109: =IF(OR(O109="",O109=":",Q109="",Q109=":"),"",O109*Q109) | T109: =IF(_xludf.TEXTJOIN("; ",TRUE,P109,R109)="","",_xludf.TEXTJOIN("; ",TRUE,P109,R109)) -> #NAME?
A110: IE04 | B110: Northern and Western | C110: : | D110: C | E110: : | F110: C | G110: =IF(OR(C110="",C110=":",E110="",E110=":"),"",C110*E110) | H110: =IF(_xludf.TEXTJOIN("; ",TRUE,D110,F110)="","",_xludf.TEXTJOIN("; ",TRUE,D110,F110)) -> #NAME? | I110: 14 | K110: 25 | M110: =IF(OR(I110="",I110=":",K110="",K110=":"),"",I110*K110) -> 350 | N110: =IF(_xludf.TEXTJOIN("; ",TRUE,J110,L110)="","",_xludf.TEXTJOIN("; ",TRUE,J110,L110)) -> #NAME? | O110: 14 | Q110: 27 | S110: =IF(OR(O110="",O110=":",Q110="",Q110=":"),"",O110*Q110) -> 378 | T110: =IF(_xludf.TEXTJOIN("; ",TRUE,P110,R110)="","",_xludf.TEXTJOIN("; ",TRUE,P110,R110)) -> #NAME?
A111: IE05 | B111: Southern | C111: : | D111: C | E111: : | F111: C | G111: =IF(OR(C111="",C111=":",E111="",E111=":"),"",C111*E111) | H111: =IF(_xludf.TEXTJOIN("; ",TRUE,D111,F111)="","",_xludf.TEXTJOIN("; ",TRUE,D111,F111)) -> #NAME? | I111: 33 | K111: 47 | M111: =IF(OR(I111="",I111=":",K111="",K111=":"),"",I111*K111) -> 1551 | N111: =IF(_xludf.TEXTJOIN("; ",TRUE,J111,L111)="","",_xludf.TEXTJOIN("; ",TRUE,J111,L111)) -> #NAME? | O111: 32 | Q111: 46 | S111: =IF(OR(O111="",O111=":",Q111="",Q111=":"),"",O111*Q111) -> 1472 | T111: =IF(_xludf.TEXTJOIN("; ",TRUE,P111,R111)="","",_xludf.TEXTJOIN("; ",TRUE,P111,R111)) -> #NAME?
A112: IE06 | B112: Eastern and Midland | C112: 11 | E112: 82 | G112: =IF(OR(C112="",C112=":",E112="",E112=":"),"",C112*E112) -> 902 | H112: =IF(_xludf.TEXTJOIN("; ",TRUE,D112,F112)="","",_xludf.TEXTJOIN("; ",TRUE,D112,F112)) -> #NAME? | I112: 12 | K112: 94 | M112: =IF(OR(I112="",I112=":",K112="",K112=":"),"",I112*K112) -> 1128 | N112: =IF(_xludf.TEXTJOIN("; ",TRUE,J112,L112)="","",_xludf.TEXTJOIN("; ",TRUE,J112,L112)) -> #NAME? | O112: 14 | Q112: 94 | S112: =IF(OR(O112="",O112=":",Q112="",Q112=":"),"",O112*Q112) -> 1316 | T112: =IF(_xludf.TEXTJOIN("; ",TRUE,P112,R112)="","",_xludf.TEXTJOIN("; ",TRUE,P112,R112)) -> #NAME?
A113: EL | B113: Greece | C113: 4 | E113: 463 | G113: =IF(OR(C113="",C113=":",E113="",E113=":"),"",C113*E113) -> 1852 | H113: =IF(_xludf.TEXTJOIN("; ",TRUE,D113,F113)="","",_xludf.TEXTJOIN("; ",TRUE,D113,F113)) -> #NAME? | I113: 3 | K113: 475 | M113: =IF(OR(I113="",I113=":",K113="",K113=":"),"",I113*K113) -> 1425 | N113: =IF(_xludf.TEXTJOIN("; ",TRUE,J113,L113)="","",_xludf.TEXTJOIN("; ",TRUE,J113,L113)) -> #NAME? | O113: 3 | Q113: 492 | S113: =IF(OR(O113="",O113=":",Q113="",Q113=":"),"",O113*Q113) -> 1476 | T113: =IF(_xludf.TEXTJOIN("; ",TRUE,P113,R113)="","",_xludf.TEXTJOIN("; ",TRUE,P113,R113)) -> #NAME?
A114: EL3 | B114: Attiki | C114: 5 | E114: 158 | G114: =IF(OR(C114="",C114=":",E114="",E114=":"),"",C114*E114) -> 790 | H114: =IF(_xludf.TEXTJOIN("; ",TRUE,D114,F114)="","",_xludf.TEXTJOIN("; ",TRUE,D114,F114)) -> #NAME? | I114: 4 | K114: 167 | M114: =IF(OR(I114="",I114=":",K114="",K114=":"),"",I114*K114) -> 668 | N114: =IF(_xludf.TEXTJOIN("; ",TRUE,J114,L114)="","",_xludf.TEXTJOIN("; ",TRUE,J114,L114)) -> #NAME? | O114: 4 | Q114: 176 | S114: =IF(OR(O114="",O114=":",Q114="",Q114=":"),"",O114*Q114) -> 704 | T114: =IF(_xludf.TEXTJOIN("; ",TRUE,P114,R114)="","",_xludf.TEXTJOIN("; ",TRUE,P114,R114)) -> #NAME?
A115: EL30 | B115: Attiki | C115: 5 | E115: 158 | G115: =IF(OR(C115="",C115=":",E115="",E115=":"),"",C115*E115) -> 790 | H115: =IF(_xludf.TEXTJOIN("; ",TRUE,D115,F115)="","",_xludf.TEXTJOIN("; ",TRUE,D115,F115)) -> #NAME? | I115: 4 | K115: 167 | M115: =IF(OR(I115="",I115=":",K115="",K115=":"),"",I115*K115) -> 668 | N115: =IF(_xludf.TEXTJOIN("; ",TRUE,J115,L115)="","",_xludf.TEXTJOIN("; ",TRUE,J115,L115)) -> #NAME? | O115: 4 | Q115: 176 | S115: =IF(OR(O115="",O115=":",Q115="",Q115=":"),"",O115*Q115) -> 704 | T115: =IF(_xludf.TEXTJOIN("; ",TRUE,P115,R115)="","",_xludf.TEXTJOIN("; ",TRUE,P115,R115)) -> #NAME?
A116: EL4 | B116: Nisia Aigaiou, Kriti | C116: 1 | E116: 41 | G116: =IF(OR(C116="",C116=":",E116="",E116=":"),"",C116*E116) -> 41 | H116: =IF(_xludf.TEXTJOIN("; ",TRUE,D116,F116)="","",_xludf.TEXTJOIN("; ",TRUE,D116,F116)) -> #NAME? | I116: 1 | K116: 43 | M116: =IF(OR(I116="",I116=":",K116="",K116=":"),"",I116*K116) -> 43 | N116: =IF(_xludf.TEXTJOIN("; ",TRUE,J116,L116)="","",_xludf.TEXTJOIN("; ",TRUE,J116,L116)) -> #NAME? | O116: 2 | Q116: 45 | S116: =IF(OR(O116="",O116=":",Q116="",Q116=":"),"",O116*Q116) -> 90 | T116: =IF(_xludf.TEXTJOIN("; ",TRUE,P116,R116)="","",_xludf.TEXTJOIN("; ",TRUE,P116,R116)) -> #NAME?
A117: EL41 | B117: Voreio Aigaio | C117: 2 | E117: 5 | G117: =IF(OR(C117="",C117=":",E117="",E117=":"),"",C117*E117) -> 10 | H117: =IF(_xludf.TEXTJOIN("; ",TRUE,D117,F117)="","",_xludf.TEXTJOIN("; ",TRUE,D117,F117)) -> #NAME? | I117: 2 | K117: 5 | M117: =IF(OR(I117="",I117=":",K117="",K117=":"),"",I117*K117) -> 10 | N117: =IF(_xludf.TEXTJOIN("; ",TRUE,J117,L117)="","",_xludf.TEXTJOIN("; ",TRUE,J117,L117)) -> #NAME? | O117: 2 | Q117: 5 | S117: =IF(OR(O117="",O117=":",Q117="",Q117=":"),"",O117*Q117) -> 10 | T117: =IF(_xludf.TEXTJOIN("; ",TRUE,P117,R117)="","",_xludf.TEXTJOIN("; ",TRUE,P117,R117)) -> #NAME?
A118: EL42 | B118: Notio Aigaio | C118: 1 | E118: 5 | G118: =IF(OR(C118="",C118=":",E118="",E118=":"),"",C118*E118) -> 5 | H118: =IF(_xludf.TEXTJOIN("; ",TRUE,D118,F118)="","",_xludf.TEXTJOIN("; ",TRUE,D118,F118)) -> #NAME? | I118: 1 | K118: 6 | M118: =IF(OR(I118="",I118=":",K118="",K118=":"),"",I118*K118) -> 6 | N118: =IF(_xludf.TEXTJOIN("; ",TRUE,J118,L118)="","",_xludf.TEXTJOIN("; ",TRUE,J118,L118)) -> #NAME? | O118: 1 | Q118: 5 | S118: =IF(OR(O118="",O118=":",Q118="",Q118=":"),"",O118*Q118) -> 5 | T118: =IF(_xludf.TEXTJOIN("; ",TRUE,P118,R118)="","",_xludf.TEXTJOIN("; ",TRUE,P118,R118)) -> #NAME?
A119: EL43 | B119: Kriti | C119: 1 | E119: 31 | G119: =IF(OR(C119="",C119=":",E119="",E119=":"),"",C119*E119) -> 31 | H119: =IF(_xludf.TEXTJOIN("; ",TRUE,D119,F119)="","",_xludf.TEXTJOIN("; ",TRUE,D119,F119)) -> #NAME? | I119: 2 | K119: 32 | M119: =IF(OR(I119="",I119=":",K119="",K119=":"),"",I119*K119) -> 64 | N119: =IF(_xludf.TEXTJOIN("; ",TRUE,J119,L119)="","",_xludf.TEXTJOIN("; ",TRUE,J119,L119)) -> #NAME? | O119: 2 | Q119: 35 | S119: =IF(OR(O119="",O119=":",Q119="",Q119=":"),"",O119*Q119) -> 70 | T119: =IF(_xludf.TEXTJOIN("; ",TRUE,P119,R119)="","",_xludf.TEXTJOIN("; ",TRUE,P119,R119)) -> #NAME?
A120: EL5 | B120: Voreia Elláda | C120: 4 | E120: 148 | G120: =IF(OR(C120="",C120=":",E120="",E120=":"),"",C120*E120) -> 592 | H120: =IF(_xludf.TEXTJOIN("; ",TRUE,D120,F120)="","",_xludf.TEXTJOIN("; ",TRUE,D120,F120)) -> #NAME? | I120: 4 | K120: 148 | M120: =IF(OR(I120="",I120=":",K120="",K120=":"),"",I120*K120) -> 592 | N120: =IF(_xludf.TEXTJOIN("; ",TRUE,J120,L120)="","",_xludf.TEXTJOIN("; ",TRUE,J120,L120)) -> #NAME? | O120: 4 | Q120: 143 | S120: =IF(OR(O120="",O120=":",Q120="",Q120=":"),"",O120*Q120) -> 572 | T120: =IF(_xludf.TEXTJOIN("; ",TRUE,P120,R120)="","",_xludf.TEXTJOIN("; ",TRUE,P120,R120)) -> #NAME?
A121: EL51 | B121: Anatoliki Makedonia, Thraki | C121: 4 | E121: 25 | G121: =IF(OR(C121="",C121=":",E121="",E121=":"),"",C121*E121) -> 100 | H121: =IF(_xludf.TEXTJOIN("; ",TRUE,D121,F121)="","",_xludf.TEXTJOIN("; ",TRUE,D121,F121)) -> #NAME? | I121: 4 | K121: 23 | M121: =IF(OR(I121="",I121=":",K121="",K121=":"),"",I121*K121) -> 92 | N121: =IF(_xludf.TEXTJOIN("; ",TRUE,J121,L121)="","",_xludf.TEXTJOIN("; ",TRUE,J121,L121)) -> #NAME? | O121: 3 | Q121: 26 | S121: =IF(OR(O121="",O121=":",Q121="",Q121=":"),"",O121*Q121) -> 78 | T121: =IF(_xludf.TEXTJOIN("; ",TRUE,P121,R121)="","",_xludf.TEXTJOIN("; ",TRUE,P121,R121)) -> #NAME?
A122: EL52 | B122: Kentriki Makedonia | C122: 4 | E122: 108 | G122: =IF(OR(C122="",C122=":",E122="",E122=":"),"",C122*E122) -> 432 | H122: =IF(_xludf.TEXTJOIN("; ",TRUE,D122,F122)="","",_xludf.TEXTJOIN("; ",TRUE,D122,F122)) -> #NAME? | I122: 4 | K122: 110 | M122: =IF(OR(I122="",I122=":",K122="",K122=":"),"",I122*K122) -> 440 | N122: =IF(_xludf.TEXTJOIN("; ",TRUE,J122,L122)="","",_xludf.TEXTJOIN("; ",TRUE,J122,L122)) -> #NAME? | O122: 4 | Q122: 104 | S122: =IF(OR(O122="",O122=":",Q122="",Q122=":"),"",O122*Q122) -> 416 | T122: =IF(_xludf.TEXTJOIN("; ",TRUE,P122,R122)="","",_xludf.TEXTJOIN("; ",TRUE,P122,R122)) -> #NAME?
A123: EL53 | B123: Dytiki Makedonia | C123: 2 | E123: 9 | G123: =IF(OR(C123="",C123=":",E123="",E123=":"),"",C123*E123) -> 18 | H123: =IF(_xludf.TEXTJOIN("; ",TRUE,D123,F123)="","",_xludf.TEXTJOIN("; ",TRUE,D123,F123)) -> #NAME? | I123: 2 | K123: 9 | M123: =IF(OR(I123="",I123=":",K123="",K123=":"),"",I123*K123) -> 18 | N123: =IF(_xludf.TEXTJOIN("; ",TRUE,J123,L123)="","",_xludf.TEXTJOIN("; ",TRUE,J123,L123)) -> #NAME? | O123: 2 | Q123: 7 | S123: =IF(OR(O123="",O123=":",Q123="",Q123=":"),"",O123*Q123) -> 14 | T123: =IF(_xludf.TEXTJOIN("; ",TRUE,P123,R123)="","",_xludf.TEXTJOIN("; ",TRUE,P123,R123)) -> #NAME?
... A130: EL65 | B130: Peloponnisos | C130: 2 | E130: 32 | G130: =IF(OR(C130="",C130=":",E130="",E130=":"),"",C130*E130) -> 64 | H130: =IF(_xludf.TEXTJOIN("; ",TRUE,D130,F130)="","",_xludf.TEXTJOIN("; ",TRUE,D130,F130)) -> #NAME? | I130: 2 | K130: 32 | M130: =IF(OR(I130="",I130=":",K130="",K130=":"),"",I130*K130) -> 64 | N130: =IF(_xludf.TEXTJOIN("; ",TRUE,J130,L130)="","",_xludf.TEXTJOIN("; ",TRUE,J130,L130)) -> #NAME? | O130: 2 | Q130: 31 | S130: =IF(OR(O130="",O130=":",Q130="",Q130=":"),"",O130*Q130) -> 62 | T130: =IF(_xludf.TEXTJOIN("; ",TRUE,P130,R130)="","",_xludf.TEXTJOIN("; ",TRUE,P130,R130)) -> #NAME?
A131: ELZ | B131: Extra-Regio NUTS 1 | C131: : | E131: 0 | G131: =IF(OR(C131="",C131=":",E131="",E131=":"),"",C131*E131) | H131: =IF(_xludf.TEXTJOIN("; ",TRUE,D131,F131)="","",_xludf.TEXTJOIN("; ",TRUE,D131,F131)) -> #NAME? | I131: : | K131: 0 | M131: =IF(OR(I131="",I131=":",K131="",K131=":"),"",I131*K131) | N131: =IF(_xludf.TEXTJOIN("; ",TRUE,J131,L131)="","",_xludf.TEXTJOIN("; ",TRUE,J131,L131)) -> #NAME? | O131: : | Q131: 0 | S131: =IF(OR(O131="",O131=":",Q131="",Q131=":"),"",O131*Q131) | T131: =IF(_xludf.TEXTJOIN("; ",TRUE,P131,R131)="","",_xludf.TEXTJOIN("; ",TRUE,P131,R131)) -> #NAME?
A132: ELZZ | B132: Extra-Regio NUTS 2 | C132: : | E132: 0 | G132: =IF(OR(C132="",C132=":",E132="",E132=":"),"",C132*E132) | H132: =IF(_xludf.TEXTJOIN("; ",TRUE,D132,F132)="","",_xludf.TEXTJOIN("; ",TRUE,D132,F132)) -> #NAME? | I132: : | K132: 0 | M132: =IF(OR(I132="",I132=":",K132="",K132=":"),"",I132*K132) | N132: =IF(_xludf.TEXTJOIN("; ",TRUE,J132,L132)="","",_xludf.TEXTJOIN("; ",TRUE,J132,L132)) -> #NAME? | O132: : | Q132: 0 | S132: =IF(OR(O132="",O132=":",Q132="",Q132=":"),"",O132*Q132) | T132: =IF(_xludf.TEXTJOIN("; ",TRUE,P132,R132)="","",_xludf.TEXTJOIN("; ",TRUE,P132,R132)) -> #NAME?
A133: ES | B133: Spain | C133: 75 | E133: 2037 | G133: =IF(OR(C133="",C133=":",E133="",E133=":"),"",C133*E133) -> 152775 | H133: =IF(_xludf.TEXTJOIN("; ",TRUE,D133,F133)="","",_xludf.TEXTJOIN("; ",TRUE,D133,F133)) -> #NAME? | I133: 73 | K133: 2054 | M133: =IF(OR(I133="",I133=":",K133="",K133=":"),"",I133*K133) -> 149942 | N133: =IF(_xludf.TEXTJOIN("; ",TRUE,J133,L133)="","",_xludf.TEXTJOIN("; ",TRUE,J133,L133)) -> #NAME? | O133: 74 | Q133: 1998 | S133: =IF(OR(O133="",O133=":",Q133="",Q133=":"),"",O133*Q133) -> 147852 | T133: =IF(_xludf.TEXTJOIN("; ",TRUE,P133,R133)="","",_xludf.TEXTJOIN("; ",TRUE,P133,R133)) -> #NAME?
A134: ES1 | B134: Noroeste | C134: 120 | E134: 168 | G134: =IF(OR(C134="",C134=":",E134="",E134=":"),"",C134*E134) -> 20160 | H134: =IF(_xludf.TEXTJOIN("; ",TRUE,D134,F134)="","",_xludf.TEXTJOIN("; ",TRUE,D134,F134)) -> #NAME? | I134: 92 | K134: 209 | M134: =IF(OR(I134="",I134=":",K134="",K134=":"),"",I134*K134) -> 19228 | N134: =IF(_xludf.TEXTJOIN("; ",TRUE,J134,L134)="","",_xludf.TEXTJOIN("; ",TRUE,J134,L134)) -> #NAME? | O134: 97 | Q134: 201 | S134: =IF(OR(O134="",O134=":",Q134="",Q134=":"),"",O134*Q134) -> 19497 | T134: =IF(_xludf.TEXTJOIN("; ",TRUE,P134,R134)="","",_xludf.TEXTJOIN("; ",TRUE,P134,R134)) -> #NAME?
A135: ES11 | B135: Galicia | C135: 135 | E135: 121 | G135: =IF(OR(C135="",C135=":",E135="",E135=":"),"",C135*E135) -> 16335 | H135: =IF(_xludf.TEXTJOIN("; ",TRUE,D135,F135)="","",_xludf.TEXTJOIN("; ",TRUE,D135,F135)) -> #NAME? | I135: 100 | K135: 156 | M135: =IF(OR(I135="",I135=":",K135="",K135=":"),"",I135*K135) -> 15600 | N135: =IF(_xludf.TEXTJOIN("; ",TRUE,J135,L135)="","",_xludf.TEXTJOIN("; ",TRUE,J135,L135)) -> #NAME? | O135: 110 | Q135: 143 | S135: =IF(OR(O135="",O135=":",Q135="",Q135=":"),"",O135*Q135) -> 15730 | T135: =IF(_xludf.TEXTJOIN("; ",TRUE,P135,R135)="","",_xludf.TEXTJOIN("; ",TRUE,P135,R135)) -> #NAME?
...

Sheet Employment_Merged
A1: GEO code | B1: GEO label | C1: 2008 | D1: flag_2008 | E1: 2009 | F1: flag_2009 | G1: 2010 | H1: flag_2010 | I1: 2011 | J1: flag_2011 | K1: 2012 | L1: flag_2012 | M1: 2013 | N1: flag_2013 | O1: 2014 | P1: flag_2014 | Q1: 2015 | R1: flag_2015 | S1: 2016 | T1: flag_2016 | U1: 2017 | V1: flag_2017 | W1: 2018 | X1: flag_2018 | Y1: 2019 | Z1: flag_2019 | AA1: 2020 | AB1: flag_2020 | AC1: 2021 | AD1: flag_2021 | AE1: 2022 | AF1: flag_2022 | AG1: 2023 | AH1: flag_2023
A2: BE | B2: Belgium | C2: 42525 | E2: 38750 | G2: 34965 | I2: 36814 | K2: 38445 | M2: 36982 | O2: 35162 | Q2: 29556 | S2: 28187 | U2: 29211 | W2: 30287 | X2: b | Y2: 30720 | AA2: 30550 | AC2: =Post2020_Derivation!G2 -> 29232 | AD2: =IF(Post2020_Derivation!H2="","",Post2020_Derivation!H2) -> #NAME? | AE2: =Post2020_Derivation!M2 -> 30951 | AF2: =IF(Post2020_Derivation!N2="","",Post2020_Derivation!N2) -> #NAME? | AG2: =Post2020_Derivation!S2 -> 29707 | AH2: =IF(Post2020_Derivation!T2="","",Post2020_Derivation!T2) -> #NAME?
A3: BE1 | B3: Région de Bruxelles-Capitale/Brussels Hoofdstedelijk Gewest | C3: : | D3: C | E3: 4351 | G3: 3734 | I3: 4048 | K3: 4409 | M3: 4174 | O3: 3872 | Q3: 3975 | S3: 3993 | U3: 4227 | W3: 3029 | X3: b | Y3: 3318 | AA3: 3602 | AC3: =Post2020_Derivation!G3 -> 3570 | AD3: =IF(Post2020_Derivation!H3="","",Post2020_Derivation!H3) -> #NAME? | AE3: =Post2020_Derivation!M3 -> 4032 | AF3: =IF(Post2020_Derivation!N3="","",Post2020_Derivation!N3) -> #NAME? | AG3: =Post2020_Derivation!S3 -> 3600 | AH3: =IF(Post2020_Derivation!T3="","",Post2020_Derivation!T3) -> #NAME?
A4: BE10 | B4: Région de Bruxelles-Capitale/Brussels Hoofdstedelijk Gewest | C4: : | D4: C | E4: 4351 | G4: 3734 | I4: 4048 | K4: 4409 | M4: 4174 | O4: 3872 | Q4: 3975 | S4: 3993 | U4: 4227 | W4: 3029 | X4: b | Y4: 3318 | AA4: 3602 | AC4: =Post2020_Derivation!G4 -> 3570 | AD4: =IF(Post2020_Derivation!H4="","",Post2020_Derivation!H4) -> #NAME? | AE4: =Post2020_Derivation!M4 -> 4032 | AF4: =IF(Post2020_Derivation!N4="","",Post2020_Derivation!N4) -> #NAME? | AG4: =Post2020_Derivation!S4 -> 3600 | AH4: =IF(Post2020_Derivation!T4="","",Post2020_Derivation!T4) -> #NAME?
A5: BE2 | B5: Vlaams Gewest | C5: : | D5: C | E5: 31353 | G5: 28488 | I5: 30028 | K5: 31594 | M5: 30256 | O5: 28881 | Q5: 23810 | S5: 22279 | U5: 22882 | W5: 25248 | X5: b | Y5: 25493 | AA5: 25439 | AC5: =Post2020_Derivation!G5 | AD5: =IF(Post2020_Derivation!H5="","",Post2020_Derivation!H5) -> #NAME? | AE5: =Post2020_Derivation!M5 -> 25280 | AF5: =IF(Post2020_Derivation!N5="","",Post2020_Derivation!N5) -> #NAME? | AG5: =Post2020_Derivation!S5 -> 24500 | AH5: =IF(Post2020_Derivation!T5="","",Post2020_Derivation!T5) -> #NAME?
A6: BE21 | B6: Prov. Antwerpen | C6: 11865 | E6: : | F6: C | G6: 8162 | I6: 8661 | K6: 9043 | M6: 8723 | O6: 8105 | Q6: 7377 | S6: 6414 | U6: 6422 | W6: 6668 | X6: b | Y6: 6920 | AA6: 6470 | AC6: =Post2020_Derivation!G6 -> 6160 | AD6: =IF(Post2020_Derivation!H6="","",Post2020_Derivation!H6) -> #NAME? | AE6: =Post2020_Derivation!M6 -> 6080 | AF6: =IF(Post2020_Derivation!N6="","",Post2020_Derivation!N6) -> #NAME? | AG6: =Post2020_Derivation!S6 -> 5928 | AH6: =IF(Post2020_Derivation!T6="","",Post2020_Derivation!T6) -> #NAME?
A7: BE22 | B7: Prov. Limburg (BE) | C7: : | D7: C | E7: : | F7: C | G7: : | H7: C | I7: 7927 | K7: 8951 | M7: 8304 | O7: 7891 | Q7: 3442 | S7: 3319 | U7: 3781 | W7: 3879 | X7: b | Y7: 3741 | AA7: 3598 | AC7: =Post2020_Derivation!G7 | AD7: =IF(Post2020_Derivation!H7="","",Post2020_Derivation!H7) -> #NAME? | AE7: =Post2020_Derivation!M7 -> 3010 | AF7: =IF(Post2020_Derivation!N7="","",Post2020_Derivation!N7) -> #NAME? | AG7: =Post2020_Derivation!S7 -> 3102 | AH7: =IF(Post2020_Derivation!T7="","",Post2020_Derivation!T7) -> #NAME?
A8: BE23 | B8: Prov. Oost-Vlaanderen | C8: : | D8: C | E8: 7394 | G8: 8713 | I8: 9102 | K8: 9908 | M8: 9656 | O8: 9619 | Q8: 9907 | S8: 9726 | U8: 9846 | W8: 11061 | X8: b | Y8: 11352 | AA8: 11568 | AC8: =Post2020_Derivation!G8 -> 11536 | AD8: =IF(Post2020_Derivation!H8="","",Post2020_Derivation!H8) -> #NAME? | AE8: =Post2020_Derivation!M8 -> 12584 | AF8: =IF(Post2020_Derivation!N8="","",Post2020_Derivation!N8) -> #NAME? | AG8: =Post2020_Derivation!S8 -> 12480 | AH8: =IF(Post2020_Derivation!T8="","",Post2020_Derivation!T8) -> #NAME?
A9: BE24 | B9: Prov. Vlaams-Brabant | C9: : | D9: C | E9: 2172 | G9: : | H9: C | I9: 1887 | K9: 1837 | M9: 1811 | O9: 1688 | Q9: 1435 | S9: 1355 | U9: 1252 | W9: 1259 | X9: b | Y9: 1116 | AA9: 1386 | AC9: =Post2020_Derivation!G9 -> 1260 | AD9: =IF(Post2020_Derivation!H9="","",Post2020_Derivation!H9) -> #NAME? | AE9: =Post2020_Derivation!M9 -> 1178 | AF9: =IF(Post2020_Derivation!N9="","",Post2020_Derivation!N9) -> #NAME? | AG9: =Post2020_Derivation!S9 -> 864 | AH9: =IF(Post2020_Derivation!T9="","",Post2020_Derivation!T9) -> #NAME?
A10: BE25 | B10: Prov. West-Vlaanderen | C10: 2447 | E10: 2218 | G10: 1997 | I10: 2451 | K10: 1855 | M10: 1762 | O10: 1578 | Q10: 1649 | S10: 1465 | U10: 1581 | W10: 2381 | X10: b | Y10: 2364 | AA10: 2417 | AC10: =Post2020_Derivation!G10 -> 2553 | AD10: =IF(Post2020_Derivation!H10="","",Post2020_Derivation!H10) -> #NAME? | AE10: =Post2020_Derivation!M10 -> 2496 | AF10: =IF(Post2020_Derivation!N10="","",Post2020_Derivation!N10) -> #NAME? | AG10: =Post2020_Derivation!S10 -> 2208 | AH10: =IF(Post2020_Derivation!T10="","",Post2020_Derivation!T10) -> #NAME?
A11: BE3 | B11: Région wallonne | C11: : | D11: C | E11: 3031 | G11: 2726 | I11: 2731 | K11: 2438 | M11: 2534 | O11: 2341 | Q11: 1745 | S11: 1897 | U11: 2051 | W11: 1918 | X11: b | Y11: 1870 | AA11: 1492 | AC11: =Post2020_Derivation!G11 | AD11: =IF(Post2020_Derivation!H11="","",Post2020_Derivation!H11) -> #NAME? | AE11: =Post2020_Derivation!M11 -> 1368 | AF11: =IF(Post2020_Derivation!N11="","",Post2020_Derivation!N11) -> #NAME? | AG11: =Post2020_Derivation!S11 -> 1248 | AH11: =IF(Post2020_Derivation!T11="","",Post2020_Derivation!T11) -> #NAME?
A12: BE31 | B12: Prov. Brabant wallon | C12: : | D12: C | E12: 15 | G12: : | H12: C | I12: 101 | K12: 124 | M12: 135 | O12: 107 | Q12: 101 | S12: 97 | U12: 127 | W12: : | X12: bC | Y12: : | Z12: C | AA12: 154 | AC12: =Post2020_Derivation!G12 -> 108 | AD12: =IF(Post2020_Derivation!H12="","",Post2020_Derivation!H12) -> #NAME? | AE12: =Post2020_Derivation!M12 -> 132 | AF12: =IF(Post2020_Derivation!N12="","",Post2020_Derivation!N12) -> #NAME? | AG12: =Post2020_Derivation!S12 -> 126 | AH12: =IF(Post2020_Derivation!T12="","",Post2020_Derivation!T12) -> #NAME?
A13: BE32 | B13: Prov. Hainaut | C13: : | D13: C | E13: 1101 | G13: : | H13: C | I13: : | J13: C | K13: 1367 | M13: : | N13: C | O13: 1364 | Q13: 263 | S13: 443 | U13: 459 | W13: : | X13: bC | Y13: : | Z13: C | AA13: 470 | AC13: =Post2020_Derivation!G13 -> 322 | AD13: =IF(Post2020_Derivation!H13="","",Post2020_Derivation!H13) -> #NAME? | AE13: =Post2020_Derivation!M13 -> 310 | AF13: =IF(Post2020_Derivation!N13="","",Post2020_Derivation!N13) -> #NAME? | AG13: =Post2020_Derivation!S13 | AH13: =IF(Post2020_Derivation!T13="","",Post2020_Derivation!T13) -> #NAME?
A14: BE33 | B14: Prov. Liège | C14: : | D14: C | E14: 1140 | G14: : | H14: C | I14: : | J14: C | K14: 625 | M14: 667 | O14: 589 | Q14: 1094 | S14: 1086 | U14: 1167 | W14: 475 | X14: b | Y14: : | Z14: C | AA14: 571 | AC14: =Post2020_Derivation!G14 | AD14: =IF(Post2020_Derivation!H14="","",Post2020_Derivation!H14) -> #NAME? | AE14: =Post2020_Derivation!M14 -> 650 | AF14: =IF(Post2020_Derivation!N14="","",Post2020_Derivation!N14) -> #NAME? | AG14: =Post2020_Derivation!S14 -> 624 | AH14: =IF(Post2020_Derivation!T14="","",Post2020_Derivation!T14) -> #NAME?
A15: BE34 | B15: Prov. Luxembourg (BE) | C15: : | D15: C | E15: : | F15: C | G15: : | H15: C | I15: : | J15: C | K15: : | L15: C | M15: : | N15: C | O15: : | P15: C | Q15: 233 | S15: : | T15: C | U15: 237 | W15: : | X15: bC | Y15: 248 | AA15: : | AB15: C | AC15: =Post2020_Derivation!G15 -> 232 | AD15: =IF(Post2020_Derivation!H15="","",Post2020_Derivation!H15) -> #NAME? | AE15: =Post2020_Derivation!M15 -> 231 | AF15: =IF(Post2020_Derivation!N15="","",Post2020_Derivation!N15) -> #NAME? | AG15: =Post2020_Derivation!S15 | AH15: =IF(Post2020_Derivation!T15="","",Post2020_Derivation!T15) -> #NAME?
A16: BE35 | B16: Prov. Namur | C16: 466 | E16: : | F16: C | G16: 75 | I16: 59 | K16: : | L16: C | M16: 36 | O16: : | P16: C | Q16: 54 | S16: : | T16: C | U16: 61 | W16: 37 | X16: b | Y16: 45 | AA16: : | AB16: C | AC16: =Post2020_Derivation!G16 -> 60 | AD16: =IF(Post2020_Derivation!H16="","",Post2020_Derivation!H16) -> #NAME? | AE16: =Post2020_Derivation!M16 -> 72 | AF16: =IF(Post2020_Derivation!N16="","",Post2020_Derivation!N16) -> #NAME? | AG16: =Post2020_Derivation!S16 | AH16: =IF(Post2020_Derivation!T16="","",Post2020_Derivation!T16) -> #NAME?
A17: BG | B17: Bulgaria | C17: 10479 | E17: 10570 | G17: 10164 | I17: 12813 | K17: 12789 | M17: 12800 | O17: 17665 | Q17: 21021 | S17: 22051 | U17: 24488 | W17: 23946 | X17: b | Y17: 22566 | AA17: 25345 | AC17: =Post2020_Derivation!G19 -> 26364 | AD17: =IF(Post2020_Derivation!H19="","",Post2020_Derivation!H19) -> #NAME? | AE17: =Post2020_Derivation!M19 -> 25265 | AF17: =IF(Post2020_Derivation!N19="","",Post2020_Derivation!N19) -> #NAME? | AG17: =Post2020_Derivation!S19 -> 25440 | AH17: =IF(Post2020_Derivation!T19="","",Post2020_Derivation!T19) -> #NAME?
A18: BG3 | B18: Severna i Yugoiztochna Bulgaria | C18: 6485 | E18: 7088 | G18: 7725 | I18: 8840 | K18: 8389 | M18: 8985 | O18: 12540 | Q18: 15140 | S18: 15905 | U18: 16577 | W18: 15124 | X18: b | Y18: 12728 | AA18: 12787 | AC18: =Post2020_Derivation!G20 -> 12482 | AD18: =IF(Post2020_Derivation!H20="","",Post2020_Derivation!H20) -> #NAME? | AE18: =Post2020_Derivation!M20 -> 12665 | AF18: =IF(Post2020_Derivation!N20="","",Post2020_Derivation!N20) -> #NAME? | AG18: =Post2020_Derivation!S20 -> 12792 | AH18: =IF(Post2020_Derivation!T20="","",Post2020_Derivation!T20) -> #NAME?
A19: BG31 | B19: Severozapaden | C19: 109 | E19: 53 | G19: 28 | I19: 35 | K19: 56 | M19: 94 | O19: 299 | Q19: 336 | S19: : | T19: C | U19: : | V19: C | W19: : | X19: bC | Y19: 2216 | AA19: 2810 | AC19: =Post2020_Derivation!G21 -> 3723 | AD19: =IF(Post2020_Derivation!H21="","",Post2020_Derivation!H21) -> #NAME? | AE19: =Post2020_Derivation!M21 -> 4148 | AF19: =IF(Post2020_Derivation!N21="","",Post2020_Derivation!N21) -> #NAME? | AG19: =Post2020_Derivation!S21 -> 4432 | AH19: =IF(Post2020_Derivation!T21="","",Post2020_Derivation!T21) -> #NAME?
A20: BG32 | B20: Severen tsentralen | C20: 534 | E20: 541 | G20: 639 | I20: 933 | K20: 1140 | M20: 1026 | O20: 1196 | Q20: 1608 | S20: 1888 | U20: 1997 | W20: 2069 | X20: b | Y20: 2176 | AA20: 2154 | AC20: =Post2020_Derivation!G22 -> 2354 | AD20: =IF(Post2020_Derivation!H22="","",Post2020_Derivation!H22) -> #NAME? | AE20: =Post2020_Derivation!M22 -> 2424 | AF20: =IF(Post2020_Derivation!N22="","",Post2020_Derivation!N22) -> #NAME? | AG20: =Post2020_Derivation!S22 -> 2784 | AH20: =IF(Post2020_Derivation!T22="","",Post2020_Derivation!T22) -> #NAME?
A21: BG33 | B21: Severoiztochen | C21: 316 | E21: 409 | G21: 366 | I21: 1216 | K21: 1146 | M21: 1055 | O21: 1199 | Q21: 1255 | S21: : | T21: C | U21: : | V21: C | W21: : | X21: bC | Y21: 258 | AA21: 59 | AC21: =Post2020_Derivation!G23 -> 56 | AD21: =IF(Post2020_Derivation!H23="","",Post2020_Derivation!H23) -> #NAME? | AE21: =Post2020_Derivation!M23 -> 98 | AF21: =IF(Post2020_Derivation!N23="","",Post2020_Derivation!N23) -> #NAME? | AG21: =Post2020_Derivation!S23 -> 65 | AH21: =IF(Post2020_Derivation!T23="","",Post2020_Derivation!T23) -> #NAME?
A22: BG34 | B22: Yugoiztochen | C22: 5526 | E22: 6085 | G22: 6692 | I22: 6656 | K22: 6047 | M22: 6810 | O22: 9846 | Q22: 11941 | S22: 12492 | U22: 11451 | W22: 10197 | X22: b | Y22: 8078 | AA22: 7764 | AC22: =Post2020_Derivation!G24 -> 6344 | AD22: =IF(Post2020_Derivation!H24="","",Post2020_Derivation!H24) -> #NAME? | AE22: =Post2020_Derivation!M24 -> 5970 | AF22: =IF(Post2020_Derivation!N24="","",Post2020_Derivation!N24) -> #NAME? | AG22: =Post2020_Derivation!S24 -> 5539 | AH22: =IF(Post2020_Derivation!T24="","",Post2020_Derivation!T24) -> #NAME?
A23: BG4 | B23: Yugozapadna i Yuzhna tsentralna Bulgaria | C23: 3994 | E23: 3482 | G23: 2439 | I23: 3973 | K23: 4400 | M23: 3815 | O23: 5125 | Q23: 5881 | S23: 6146 | U23: 7911 | W23: 8822 | X23: b | Y23: 9838 | AA23: 12558 | AC23: =Post2020_Derivation!G25 -> 13937 | AD23: =IF(Post2020_Derivation!H25="","",Post2020_Derivation!H25) -> #NAME? | AE23: =Post2020_Derivation!M25 -> 12670 | AF23: =IF(Post2020_Derivation!N25="","",Post2020_Derivation!N25) -> #NAME? | AG23: =Post2020_Derivation!S25 -> 12705 | AH23: =IF(Post2020_Derivation!T25="","",Post2020_Derivation!T25) -> #NAME?
A24: BG41 | B24: Yugozapaden | C24: 3800 | E24: 3125 | G24: 2004 | I24: 3424 | K24: 3663 | M24: 2992 | O24: 3863 | Q24: 4267 | S24: 4526 | U24: 4854 | W24: 4037 | X24: b | Y24: 3189 | AA24: 5410 | AC24: =Post2020_Derivation!G26 -> 6336 | AD24: =IF(Post2020_Derivation!H26="","",Post2020_Derivation!H26) -> #NAME? | AE24: =Post2020_Derivation!M26 -> 6171 | AF24: =IF(Post2020_Derivation!N26="","",Post2020_Derivation!N26) -> #NAME? | AG24: =Post2020_Derivation!S26 -> 6160 | AH24: =IF(Post2020_Derivation!T26="","",Post2020_Derivation!T26) -> #NAME?
A25: BG42 | B25: Yuzhen tsentralen | C25: 194 | E25: 357 | G25: 435 | I25: 549 | K25: 737 | M25: 823 | O25: 1262 | Q25: 1614 | S25: 1620 | U25: 3057 | W25: 4785 | X25: b | Y25: 6649 | AA25: 7148 | AC25: =Post2020_Derivation!G27 -> 7585 | AD25: =IF(Post2020_Derivation!H27="","",Post2020_Derivation!H27) -> #NAME? | AE25: =Post2020_Derivation!M27 -> 6475 | AF25: =IF(Post2020_Derivation!N27="","",Post2020_Derivation!N27) -> #NAME? | AG25: =Post2020_Derivation!S27 -> 6510 | AH25: =IF(Post2020_Derivation!T27="","",Post2020_Derivation!T27) -> #NAME?
A26: CZ | B26: Czechia | C26: 159267 | D26: p | E26: 137732 | G26: 139129 | I26: 147552 | K26: 143227 | M26: 142556 | O26: 148509 | Q26: 159126 | S26: 168427 | U26: 177127 | W26: 181486 | Y26: 181861 | AA26: 175470 | AC26: =Post2020_Derivation!G28 -> 174384 | AD26: =IF(Post2020_Derivation!H28="","",Post2020_Derivation!H28) -> #NAME? | AE26: =Post2020_Derivation!M28 -> 172000 | AF26: =IF(Post2020_Derivation!N28="","",Post2020_Derivation!N28) -> #NAME? | AG26: =Post2020_Derivation!S28 -> 172720 | AH26: =IF(Post2020_Derivation!T28="","",Post2020_Derivation!T28) -> #NAME?
A27: CZ0 | B27: Česko | C27: 159267 | D27: p | E27: 137732 | G27: 139129 | I27: 147552 | K27: 143227 | M27: 142556 | O27: 148509 | Q27: 159126 | S27: 168427 | U27: 177127 | W27: 181486 | Y27: 181861 | AA27: 175470 | AC27: =Post2020_Derivation!G29 -> 174384 | AD27: =IF(Post2020_Derivation!H29="","",Post2020_Derivation!H29) -> #NAME? | AE27: =Post2020_Derivation!M29 -> 172000 | AF27: =IF(Post2020_Derivation!N29="","",Post2020_Derivation!N29) -> #NAME? | AG27: =Post2020_Derivation!S29 -> 172720 | AH27: =IF(Post2020_Derivation!T29="","",Post2020_Derivation!T29) -> #NAME?
A28: CZ01 | B28: Praha | C28: 2874 | D28: p | E28: 2383 | G28: 1794 | I28: 1662 | K28: 1582 | M28: 1647 | O28: 909 | Q28: 2035 | S28: 1392 | U28: 2779 | W28: 2784 | Y28: 2397 | AA28: 2311 | AC28: =Post2020_Derivation!G30 -> 1908 | AD28: =IF(Post2020_Derivation!H30="","",Post2020_Derivation!H30) -> #NAME? | AE28: =Post2020_Derivation!M30 -> 3572 | AF28: =IF(Post2020_Derivation!N30="","",Post2020_Derivation!N30) -> #NAME? | AG28: =Post2020_Derivation!S30 -> 3008 | AH28: =IF(Post2020_Derivation!T30="","",Post2020_Derivation!T30) -> #NAME?
A29: CZ02 | B29: Střední Čechy | C29: 41774 | D29: p | E29: 38567 | G29: 38223 | I29: 42292 | K29: 40165 | M29: 39447 | O29: 41983 | Q29: 43888 | S29: 45706 | U29: 46151 | W29: 46906 | Y29: 47312 | AA29: 47537 | AC29: =Post2020_Derivation!G31 -> 48720 | AD29: =IF(Post2020_Derivation!H31="","",Post2020_Derivation!H31) -> #NAME? | AE29: =Post2020_Derivation!M31 -> 47040 | AF29: =IF(Post2020_Derivation!N31="","",Post2020_Derivation!N31) -> #NAME? | AG29: =Post2020_Derivation!S31 -> 47508 | AH29: =IF(Post2020_Derivation!T31="","",Post2020_Derivation!T31) -> #NAME?
A30: CZ03 | B30: Jihozápad | C30: 23685 | D30: p | E30: 18813 | G30: 17962 | I30: 18499 | K30: 20166 | M30: 20533 | O30: 22732 | Q30: 23450 | S30: 24722 | U30: 27064 | W30: 28012 | Y30: 27020 | AA30: 25436 | AC30: =Post2020_Derivation!G32 -> 26167 | AD30: =IF(Post2020_Derivation!H32="","",Post2020_Derivation!H32) -> #NAME? | AE30: =Post2020_Derivation!M32 -> 24500 | AF30: =IF(Post2020_Derivation!N32="","",Post2020_Derivation!N32) -> #NAME? | AG30: =Post2020_Derivation!S32 -> 24505 | AH30: =IF(Post2020_Derivation!T32="","",Post2020_Derivation!T32) -> #NAME?
A31: CZ04 | B31: Severozápad | C31: 11293 | D31: p | E31: 9938 | G31: 10097 | I31: 11648 | K31: 11559 | M31: 11833 | O31: 11750 | Q31: 13393 | S31: 14613 | U31: 14228 | W31: 14186 | Y31: 14141 | AA31: 13141 | AC31: =Post2020_Derivation!G33 -> 11716 | AD31: =IF(Post2020_Derivation!H33="","",Post2020_Derivation!H33) -> #NAME? | AE31: =Post2020_Derivation!M33 -> 11712 | AF31: =IF(Post2020_Derivation!N33="","",Post2020_Derivation!N33) -> #NAME? | AG31: =Post2020_Derivation!S33 -> 11858 | AH31: =IF(Post2020_Derivation!T33="","",Post2020_Derivation!T33) -> #NAME?
A32: CZ05 | B32: Severovýchod | C32: 33672 | D32: p | E32: 28917 | G32: 33085 | I32: 31723 | K32: 28783 | M32: 29973 | O32: 31772 | Q32: 34736 | S32: 37404 | U32: 41356 | W32: 42261 | Y32: 43915 | AA32: 41768 | AC32: =Post2020_Derivation!G34 -> 42419 | AD32: =IF(Post2020_Derivation!H34="","",Post2020_Derivation!H34) -> #NAME? | AE32: =Post2020_Derivation!M34 -> 41181 | AF32: =IF(Post2020_Derivation!N34="","",Post2020_Derivation!N34) -> #NAME? | AG32: =Post2020_Derivation!S34 -> 39976 | AH32: =IF(Post2020_Derivation!T34="","",Post2020_Derivation!T34) -> #NAME?
A33: CZ06 | B33: Jihovýchod | C33: 17439 | D33: p | E33: 14277 | G33: 13176 | I33: 14326 | K33: 13365 | M33: 13209 | O33: 13348 | Q33: 13479 | S33: 13337 | U33: 13455 | W33: 14254 | Y33: 14331 | AA33: 13835 | AC33: =Post2020_Derivation!G35 -> 14364 | AD33: =IF(Post2020_Derivation!H35="","",Post2020_Derivation!H35) -> #NAME? | AE33: =Post2020_Derivation!M35 -> 13632 | AF33: =IF(Post2020_Derivation!N35="","",Post2020_Derivation!N35) -> #NAME? | AG33: =Post2020_Derivation!S35 -> 13920 | AH33: =IF(Post2020_Derivation!T35="","",Post2020_Derivation!T35) -> #NAME?
A34: CZ07 | B34: Střední Morava | C34: 8920 | D34: p | E34: 6499 | G34: 6216 | I34: 7495 | K34: 7486 | M34: 7066 | O34: 6982 | Q34: 7564 | S34: 8209 | U34: 7947 | W34: 7599 | Y34: 7321 | AA34: 7075 | AC34: =Post2020_Derivation!G36 -> 6604 | AD34: =IF(Post2020_Derivation!H36="","",Post2020_Derivation!H36) -> #NAME? | AE34: =Post2020_Derivation!M36 -> 7192 | AF34: =IF(Post2020_Derivation!N36="","",Post2020_Derivation!N36) -> #NAME? | AG34: =Post2020_Derivation!S36 -> 7139 | AH34: =IF(Post2020_Derivation!T36="","",Post2020_Derivation!T36) -> #NAME?
A35: CZ08 | B35: Moravskoslezsko | C35: 19609 | D35: p | E35: 18339 | G35: 18575 | I35: 19906 | K35: 20122 | M35: 18848 | O35: 19033 | Q35: 20582 | S35: 23046 | U35: 24146 | W35: 25483 | Y35: 25424 | AA35: 24368 | AC35: =Post2020_Derivation!G37 -> 23324 | AD35: =IF(Post2020_Derivation!H37="","",Post2020_Derivation!H37) -> #NAME? | AE35: =Post2020_Derivation!M37 -> 23436 | AF35: =IF(Post2020_Derivation!N37="","",Post2020_Derivation!N37) -> #NAME? | AG35: =Post2020_Derivation!S37 -> 24250 | AH35: =IF(Post2020_Derivation!T37="","",Post2020_Derivation!T37) -> #NAME?
A36: CZZ | B36: Extra-Regio NUTS 1 | C36: 0 | D36: p | E36: 0 | G36: 0 | I36: 0 | K36: 0 | M36: : | O36: : | Q36: : | S36: : | U36: 0 | W36: 0 | Y36: : | AA36: : | AC36: =Post2020_Derivation!G38 | AD36: =IF(Post2020_Derivation!H38="","",Post2020_Derivation!H38) -> #NAME? | AE36: =Post2020_Derivation!M38 | AF36: =IF(Post2020_Derivation!N38="","",Post2020_Derivation!N38) -> #NAME? | AG36: =Post2020_Derivation!S38 | AH36: =IF(Post2020_Derivation!T38="","",Post2020_Derivation!T38) -> #NAME?
A37: CZZZ | B37: Extra-Regio NUTS 2 | C37: 0 | D37: p | E37: 0 | G37: 0 | I37: 0 | K37: 0 | M37: : | O37: : | Q37: : | S37: : | U37: 0 | W37: 0 | Y37: : | AA37: : | AC37: =Post2020_Derivation!G39 | AD37: =IF(Post2020_Derivation!H39="","",Post2020_Derivation!H39) -> #NAME? | AE37: =Post2020_Derivation!M39 | AF37: =IF(Post2020_Derivation!N39="","",Post2020_Derivation!N39) -> #NAME? | AG37: =Post2020_Derivation!S39 | AH37: =IF(Post2020_Derivation!T39="","",Post2020_Derivation!T39) -> #NAME?
A38: DK | B38: Denmark | C38: 6832 | E38: 4494 | G38: 4507 | I38: 5980 | K38: 5143 | M38: 4625 | O38: 4710 | Q38: 4843 | S38: 4005 | T38: b | U38: 4079 | W38: 4324 | Y38: 3818 | AA38: 3632 | AC38: =Post2020_Derivation!G40 -> 3749 | AD38: =IF(Post2020_Derivation!H40="","",Post2020_Derivation!H40) -> #NAME? | AE38: =Post2020_Derivation!M40 -> 3888 | AF38: =IF(Post2020_Derivation!N40="","",Post2020_Derivation!N40) -> #NAME? | AG38: =Post2020_Derivation!S40 -> 3950 | AH38: =IF(Post2020_Derivation!T40="","",Post2020_Derivation!T40) -> #NAME?
A39: DK0 | B39: Danmark | C39: 6832 | E39: 4494 | G39: 4507 | I39: 5980 | K39: 5143 | M39: 4625 | O39: 4710 | Q39: 4843 | S39: 4005 | T39: b | U39: 4079 | W39: 4324 | Y39: 3818 | AA39: 3632 | AC39: =Post2020_Derivation!G41 -> 3749 | AD39: =IF(Post2020_Derivation!H41="","",Post2020_Derivation!H41) -> #NAME? | AE39: =Post2020_Derivation!M41 -> 3888 | AF39: =IF(Post2020_Derivation!N41="","",Post2020_Derivation!N41) -> #NAME? | AG39: =Post2020_Derivation!S41 -> 3950 | AH39: =IF(Post2020_Derivation!T41="","",Post2020_Derivation!T41) -> #NAME?
A40: DK01 | B40: Hovedstaden | C40: 203 | E40: 120 | G40: 128 | I40: : | J40: C | K40: : | L40: C | M40: : | N40: C | O40: : | P40: C | Q40: : | R40: C | S40: 291 | T40: b | U40: : | V40: C | W40: : | X40: C | Y40: 361 | AA40: 295 | AC40: =Post2020_Derivation!G42 -> 288 | AD40: =IF(Post2020_Derivation!H42="","",Post2020_Derivation!H42) -> #NAME? | AE40: =Post2020_Derivation!M42 -> 242 | AF40: =IF(Post2020_Derivation!N42="","",Post2020_Derivation!N42) -> #NAME? | AG40: =Post2020_Derivation!S42 -> 220 | AH40: =IF(Post2020_Derivation!T42="","",Post2020_Derivation!T42) -> #NAME?
A41: DK02 | B41: Sjælland | C41: 462 | E41: 345 | G41: 287 | I41: : | J41: C | K41: : | L41: C | M41: : | N41: C | O41: : | P41: C | Q41: : | R41: C | S41: 370 | T41: b | U41: : | V41: C | W41: : | X41: C | Y41: : | Z41: C | AA41: 426 | AC41: =Post2020_Derivation!G43 -> 391 | AD41: =IF(Post2020_Derivation!H43="","",Post2020_Derivation!H43) -> #NAME? | AE41: =Post2020_Derivation!M43 -> 442 | AF41: =IF(Post2020_Derivation!N43="","",Post2020_Derivation!N43) -> #NAME? | AG41: =Post2020_Derivation!S43 -> 493 | AH41: =IF(Post2020_Derivation!T43="","",Post2020_Derivation!T43) -> #NAME?
A42: DK03 | B42: Syddanmark | C42: 2259 | E42: 1597 | G42: 1626 | I42: 2205 | K42: 2134 | M42: 1653 | O42: 1625 | Q42: 1715 | S42: 1403 | T42: b | U42: 1449 | W42: 1594 | Y42: 1396 | AA42: 1379 | AC42: =Post2020_Derivation!G44 -> 1475 | AD42: =IF(Post2020_Derivation!H44="","",Post2020_Derivation!H44) -> #NAME? | AE42: =Post2020_Derivation!M44 -> 1450 | AF42: =IF(Post2020_Derivation!N44="","",Post2020_Derivation!N44) -> #NAME? | AG42: =Post2020_Derivation!S44 -> 1440 | AH42: =IF(Post2020_Derivation!T44="","",Post2020_Derivation!T44) -> #NAME?
A43: DK04 | B43: Midtjylland | C43: 3182 | E43: 1880 | G43: 1868 | I43: 2457 | K43: 1788 | M43: 1643 | O43: 1619 | Q43: 1731 | S43: 1444 | T43: b | U43: 1496 | W43: 1517 | Y43: 1207 | AA43: 1100 | AC43: =Post2020_Derivation!G45 -> 1100 | AD43: =IF(Post2020_Derivation!H45="","",Post2020_Derivation!H45) -> #NAME? | AE43: =Post2020_Derivation!M45 -> 1150 | AF43: =IF(Post2020_Derivation!N45="","",Post2020_Derivation!N45) -> #NAME? | AG43: =Post2020_Derivation!S45 -> 1392 | AH43: =IF(Post2020_Derivation!T45="","",Post2020_Derivation!T45) -> #NAME?
A44: DK05 | B44: Nordjylland | C44: 725 | E44: 553 | G44: 598 | I44: 740 | K44: 568 | M44: 665 | O44: 729 | Q44: 640 | S44: 498 | T44: b | U44: 450 | W44: 431 | Y44: : | Z44: C | AA44: 432 | AC44: =Post2020_Derivation!G46 -> 494 | AD44: =IF(Post2020_Derivation!H46="","",Post2020_Derivation!H46) -> #NAME? | AE44: =Post2020_Derivation!M46 -> 510 | AF44: =IF(Post2020_Derivation!N46="","",Post2020_Derivation!N46) -> #NAME? | AG44: =Post2020_Derivation!S46 -> 468 | AH44: =IF(Post2020_Derivation!T46="","",Post2020_Derivation!T46) -> #NAME?
A45: DE | B45: Germany | C45: 770377 | E45: 730167 | F45: d | G45: 833660 | I45: 854313 | K45: 869821 | M45: 881118 | O45: 906279 | Q45: 924461 | S45: 935492 | U45: 946573 | W45: 954267 | Y45: 949029 | AA45: 914785 | AC45: =Post2020_Derivation!G49 -> 897885 | AD45: =IF(Post2020_Derivation!H49="","",Post2020_Derivation!H49) -> #NAME? | AE45: =Post2020_Derivation!M49 -> 859320 | AF45: =IF(Post2020_Derivation!N49="","",Post2020_Derivation!N49) -> #NAME? | AG45: =Post2020_Derivation!S49 -> 847476 | AH45: =IF(Post2020_Derivation!T49="","",Post2020_Derivation!T49) -> #NAME?
A46: DE1 | B46: Baden-Württemberg | C46: 211434 | E46: 196417 | F46: d | G46: 222939 | I46: 227731 | K46: 231402 | M46: 235205 | O46: 240267 | Q46: 243789 | S46: 249379 | U46: 252348 | W46: 256685 | Y46: 258374 | AA46: 242864 | AC46: =Post2020_Derivation!G50 -> 231000 | AD46: =IF(Post2020_Derivation!H50="","",Post2020_Derivation!H50) -> #NAME? | AE46: =Post2020_Derivation!M50 -> 230482 | AF46: =IF(Post2020_Derivation!N50="","",Post2020_Derivation!N50) -> #NAME? | AG46: =Post2020_Derivation!S50 -> 228288 | AH46: =IF(Post2020_Derivation!T50="","",Post2020_Derivation!T50) -> #NAME?
A47: DE2 | B47: Bayern | C47: 177047 | E47: 168593 | F47: d | G47: 195229 | I47: 200232 | K47: 204956 | M47: 208496 | O47: 213952 | Q47: 225252 | S47: 228485 | U47: 232313 | W47: 233852 | Y47: 232558 | AA47: 228570 | AC47: =Post2020_Derivation!G55 -> 225246 | AD47: =IF(Post2020_Derivation!H55="","",Post2020_Derivation!H55) -> #NAME? | AE47: =Post2020_Derivation!M55 -> 215096 | AF47: =IF(Post2020_Derivation!N55="","",Post2020_Derivation!N55) -> #NAME? | AG47: =Post2020_Derivation!S55 -> 212742 | AH47: =IF(Post2020_Derivation!T55="","",Post2020_Derivation!T55) -> #NAME?
A48: DE3 | B48: Berlin | C48: 3916 | E48: 3631 | F48: d | G48: 4444 | I48: 4233 | K48: 4123 | M48: 3987 | O48: 4016 | Q48: 4092 | S48: 4061 | U48: 4114 | W48: 4015 | Y48: 3899 | AA48: : | AB48: C | AC48: =Post2020_Derivation!G63 -> 3526 | AD48: =IF(Post2020_Derivation!H63="","",Post2020_Derivation!H63) -> #NAME? | AE48: =Post2020_Derivation!M63 -> 3344 | AF48: =IF(Post2020_Derivation!N63="","",Post2020_Derivation!N63) -> #NAME? | AG48: =Post2020_Derivation!S63 -> 3195 | AH48: =IF(Post2020_Derivation!T63="","",Post2020_Derivation!T63) -> #NAME?
A49: DE4 | B49: Brandenburg | C49: 6351 | E49: 5797 | F49: d | G49: 7362 | I49: 7474 | K49: 7802 | M49: 7531 | O49: 7662 | Q49: 8114 | S49: 8239 | U49: 8825 | W49: 8511 | Y49: 8568 | AA49: 8540 | AC49: =Post2020_Derivation!G65 -> 15264 | AD49: =IF(Post2020_Derivation!H65="","",Post2020_Derivation!H65) -> #NAME? | AE49: =Post2020_Derivation!M65 -> 15428 | AF49: =IF(Post2020_Derivation!N65="","",Post2020_Derivation!N65) -> #NAME? | AG49: =Post2020_Derivation!S65 -> 18000 | AH49: =IF(Post2020_Derivation!T65="","",Post2020_Derivation!T65) -> #NAME?
A50: DE5 | B50: Bremen | C50: : | D50: C | E50: : | F50: dC | G50: : | H50: C | I50: : | J50: C | K50: : | L50: C | M50: : | N50: C | O50: : | P50: C | Q50: : | R50: C | S50: : | T50: C | U50: 19654 | W50: 19105 | Y50: 17976 | AA50: : | AB50: C | AC50: =Post2020_Derivation!G67 -> 16523 | AD50: =IF(Post2020_Derivation!H67="","",Post2020_Derivation!H67) -> #NAME? | AE50: =Post2020_Derivation!M67 -> 16414 | AF50: =IF(Post2020_Derivation!N67="","",Post2020_Derivation!N67) -> #NAME? | AG50: =Post2020_Derivation!S67 -> 15708 | AH50: =IF(Post2020_Derivation!T67="","",Post2020_Derivation!T67) -> #NAME?
A51: DE6 | B51: Hamburg | C51: : | D51: C | E51: : | F51: dC | G51: : | H51: C | I51: : | J51: C | K51: : | L51: C | M51: : | N51: C | O51: : | P51: C | Q51: : | R51: C | S51: : | T51: C | U51: : | V51: C | W51: : | X51: C | Y51: : | Z51: C | AA51: : | AB51: C | AC51: =Post2020_Derivation!G69 | AD51: =IF(Post2020_Derivation!H69="","",Post2020_Derivation!H69) -> #NAME? | AE51: =Post2020_Derivation!M69 | AF51: =IF(Post2020_Derivation!N69="","",Post2020_Derivation!N69) -> #NAME? | AG51: =Post2020_Derivation!S69 -> 2449 | AH51: =IF(Post2020_Derivation!T69="","",Post2020_Derivation!T69) -> #NAME?
A52: DE7 | B52: Hessen | C52: 48613 | E52: 47654 | F52: d | G52: 54165 | I52: 55000 | K52: 56290 | M52: 56621 | O52: 57918 | Q52: 60202 | S52: 60206 | U52: 61154 | W52: 60665 | Y52: 58394 | AA52: 54230 | AC52: =Post2020_Derivation!G71 -> 51584 | AD52: =IF(Post2020_Derivation!H71="","",Post2020_Derivation!H71) -> #NAME? | AE52: =Post2020_Derivation!M71 -> 49032 | AF52: =IF(Post2020_Derivation!N71="","",Post2020_Derivation!N71) -> #NAME? | AG52: =Post2020_Derivation!S71 -> 47300 | AH52: =IF(Post2020_Derivation!T71="","",Post2020_Derivation!T71) -> #NAME?
A53: DE8 | B53: Mecklenburg-Vorpommern | C53: 2381 | E53: 2145 | F53: d | G53: 2519 | I53: 2886 | K53: 3018 | M53: 3068 | O53: 3106 | Q53: 3076 | S53: 3037 | U53: 3057 | W53: 3870 | Y53: 3906 | AA53: : | AB53: C | AC53: =Post2020_Derivation!G75 -> 3360 | AD53: =IF(Post2020_Derivation!H75="","",Post2020_Derivation!H75) -> #NAME? | AE53: =Post2020_Derivation!M75 -> 3367 | AF53: =IF(Post2020_Derivation!N75="","",Post2020_Derivation!N75) -> #NAME? | AG53: =Post2020_Derivation!S75 -> 3162 | AH53: =IF(Post2020_Derivation!T75="","",Post2020_Derivation!T75) -> #NAME?
A54: DE9 | B54: Niedersachsen | C54: 113440 | E54: 111348 | F54: d | G54: 123186 | I54: 125429 | K54: 129179 | M54: : | N54: C | O54: : | P54: C | Q54: : | R54: C | S54: : | T54: C | U54: : | V54: C | W54: : | X54: C | Y54: : | Z54: C | AA54: : | AB54: C | AC54: =Post2020_Derivation!G77 -> 150360 | AD54: =IF(Post2020_Derivation!H77="","",Post2020_Derivation!H77) -> #NAME? | AE54: =Post2020_Derivation!M77 -> 135036 | AF54: =IF(Post2020_Derivation!N77="","",Post2020_Derivation!N77) -> #NAME? | AG54: =Post2020_Derivation!S77 -> 132130 | AH54: =IF(Post2020_Derivation!T77="","",Post2020_Derivation!T77) -> #NAME?
A55: DEA | B55: Nordrhein-Westfalen | C55: 88685 | E55: 81983 | F55: d | G55: 97029 | I55: 98628 | K55: 99254 | M55: 96632 | O55: 97305 | Q55: 94510 | S55: 94566 | U55: 95334 | W55: 95893 | Y55: 94485 | AA55: 89581 | AC55: =Post2020_Derivation!G82 -> 82806 | AD55: =IF(Post2020_Derivation!H82="","",Post2020_Derivation!H82) -> #NAME? | AE55: =Post2020_Derivation!M82 -> 79520 | AF55: =IF(Post2020_Derivation!N82="","",Post2020_Derivation!N82) -> #NAME? | AG55: =Post2020_Derivation!S82 -> 74984 | AH55: =IF(Post2020_Derivation!T82="","",Post2020_Derivation!T82) -> #NAME?
A56: DEB | B56: Rheinland-Pfalz | C56: 28408 | E56: 27211 | F56: d | G56: 30636 | I56: 30326 | K56: 30517 | M56: 28848 | O56: 29208 | Q56: 29289 | S56: 28270 | U56: 25994 | W56: 25221 | Y56: 25486 | AA56: 25676 | AC56: =Post2020_Derivation!G88 -> 26880 | AD56: =IF(Post2020_Derivation!H88="","",Post2020_Derivation!H88) -> #NAME? | AE56: =Post2020_Derivation!M88 -> 24510 | AF56: =IF(Post2020_Derivation!N88="","",Post2020_Derivation!N88) -> #NAME? | AG56: =Post2020_Derivation!S88 -> 23968 | AH56: =IF(Post2020_Derivation!T88="","",Post2020_Derivation!T88) -> #NAME?
A57: DEC | B57: Saarland | C57: 24332 | E57: 22733 | F57: d | G57: 18607 | I57: 20666 | K57: 21658 | M57: 22016 | O57: 22512 | Q57: 20281 | S57: 20489 | U57: 19870 | W57: 19705 | Y57: 18589 | AA57: 19059 | AC57: =Post2020_Derivation!G92 -> 19209 | AD57: =IF(Post2020_Derivation!H92="","",Post2020_Derivation!H92) -> #NAME? | AE57: =Post2020_Derivation!M92 -> 17516 | AF57: =IF(Post2020_Derivation!N92="","",Post2020_Derivation!N92) -> #NAME? | AG57: =Post2020_Derivation!S92 -> 17920 | AH57: =IF(Post2020_Derivation!T92="","",Post2020_Derivation!T92) -> #NAME?
A58: DED | B58: Sachsen | C58: 24476 | E58: 24164 | F58: d | G58: 31052 | I58: 32566 | K58: 33756 | M58: 34917 | O58: 39790 | Q58: 43008 | S58: 43594 | U58: 44804 | W58: 44974 | Y58: 44951 | AA58: 45181 | AC58: =Post2020_Derivation!G94 -> 44370 | AD58: =IF(Post2020_Derivation!H94="","",Post2020_Derivation!H94) -> #NAME? | AE58: =Post2020_Derivation!M94 -> 44376 | AF58: =IF(Post2020_Derivation!N94="","",Post2020_Derivation!N94) -> #NAME? | AG58: =Post2020_Derivation!S94 -> 44370 | AH58: =IF(Post2020_Derivation!T94="","",Post2020_Derivation!T94) -> #NAME?
A59: DEE | B59: Sachsen-Anhalt | C59: 3030 | E59: 2799 | F59: d | G59: 3622 | I59: 4894 | K59: 5030 | M59: 5045 | O59: 4130 | Q59: 4094 | S59: 4320 | U59: 4427 | W59: 4573 | Y59: 4993 | AA59: 4909 | AC59: =Post2020_Derivation!G98 -> 4674 | AD59: =IF(Post2020_Derivation!H98="","",Post2020_Derivation!H98) -> #NAME? | AE59: =Post2020_Derivation!M98 -> 4661 | AF59: =IF(Post2020_Derivation!N98="","",Post2020_Derivation!N98) -> #NAME? | AG59: =Post2020_Derivation!S98 -> 4897 | AH59: =IF(Post2020_Derivation!T98="","",Post2020_Derivation!T98) -> #NAME?
A60: DEF | B60: Schleswig-Holstein | C60: 4433 | E60: 4010 | F60: d | G60: 4581 | I60: 4584 | K60: 4602 | M60: 4558 | O60: 4769 | Q60: 4583 | S60: 4512 | U60: 4608 | W60: 4750 | Y60: 4601 | AA60: 4326 | AC60: =Post2020_Derivation!G100 | AD60: =IF(Post2020_Derivation!H100="","",Post2020_Derivation!H100) -> #NAME? | AE60: =Post2020_Derivation!M100 | AF60: =IF(Post2020_Derivation!N100="","",Post2020_Derivation!N100) -> #NAME? | AG60: =Post2020_Derivation!S100 -> 3168 | AH60: =IF(Post2020_Derivation!T100="","",Post2020_Derivation!T100) -> #NAME?
A61: DEG | B61: Thüringen | C61: 15839 | E61: 14592 | F61: d | G61: 18768 | I61: 19318 | K61: 18331 | M61: 19356 | O61: 20106 | Q61: 21167 | S61: 20875 | U61: 20875 | W61: 20773 | Y61: 20081 | AA61: 18240 | AC61: =Post2020_Derivation!G102 -> 16637 | AD61: =IF(Post2020_Derivation!H102="","",Post2020_Derivation!H102) -> #NAME? | AE61: =Post2020_Derivation!M102 -> 15312 | AF61: =IF(Post2020_Derivation!N102="","",Post2020_Derivation!N102) -> #NAME? | AG61: =Post2020_Derivation!S102 -> 15120 | AH61: =IF(Post2020_Derivation!T102="","",Post2020_Derivation!T102) -> #NAME?
A62: EE | B62: Estonia | C62: 3996 | E62: 2997 | G62: 3013 | I62: 3464 | K62: 3515 | M62: 3435 | O62: 3504 | Q62: 3300 | S62: 3058 | U62: 2861 | W62: 2870 | X62: b | Y62: 2936 | AA62: 3033 | AC62: =Post2020_Derivation!G104 -> 3465 | AD62: =IF(Post2020_Derivation!H104="","",Post2020_Derivation!H104) -> #NAME? | AE62: =Post2020_Derivation!M104 -> 3488 | AF62: =IF(Post2020_Derivation!N104="","",Post2020_Derivation!N104) -> #NAME? | AG62: =Post2020_Derivation!S104 -> 3360 | AH62: =IF(Post2020_Derivation!T104="","",Post2020_Derivation!T104) -> #NAME?
A63: EE0 | B63: Eesti | C63: 3996 | E63: 2997 | G63: 3013 | I63: 3464 | K63: 3515 | M63: 3435 | O63: 3504 | Q63: 3300 | S63: 3058 | U63: 2861 | W63: 2870 | X63: b | Y63: 2936 | AA63: 3033 | AC63: =Post2020_Derivation!G105 -> 3465 | AD63: =IF(Post2020_Derivation!H105="","",Post2020_Derivation!H105) -> #NAME? | AE63: =Post2020_Derivation!M105 -> 3488 | AF63: =IF(Post2020_Derivation!N105="","",Post2020_Derivation!N105) -> #NAME? | AG63: =Post2020_Derivation!S105 -> 3360 | AH63: =IF(Post2020_Derivation!T105="","",Post2020_Derivation!T105) -> #NAME?
A64: EE00 | B64: Eesti | C64: 3996 | E64: 2997 | G64: 3013 | I64: 3464 | K64: 3515 | M64: 3435 | O64: 3504 | Q64: 3300 | S64: 3058 | U64: 2861 | W64: 2870 | X64: b | Y64: 2936 | AA64: 3033 | AC64: =Post2020_Derivation!G106 -> 3465 | AD64: =IF(Post2020_Derivation!H106="","",Post2020_Derivation!H106) -> #NAME? | AE64: =Post2020_Derivation!M106 -> 3488 | AF64: =IF(Post2020_Derivation!N106="","",Post2020_Derivation!N106) -> #NAME? | AG64: =Post2020_Derivation!S106 -> 3360 | AH64: =IF(Post2020_Derivation!T106="","",Post2020_Derivation!T106) -> #NAME?
A65: IE | B65: Ireland | C65: : | D65: C | E65: 2752 | G65: 2222 | I65: 2401 | K65: 2519 | M65: : | N65: C | O65: : | P65: C | Q65: 2771 | S65: 2820 | U65: 3003 | W65: 2794 | Y65: 3780 | AA65: 3487 | AC65: =Post2020_Derivation!G109 -> 3120 | AD65: =IF(Post2020_Derivation!H109="","",Post2020_Derivation!H109) -> #NAME? | AE65: =Post2020_Derivation!M109 | AF65: =IF(Post2020_Derivation!N109="","",Post2020_Derivation!N109) -> #NAME? | AG65: =Post2020_Derivation!S109 | AH65: =IF(Post2020_Derivation!T109="","",Post2020_Derivation!T109) -> #NAME?
A66: IE0 | B66: Ireland | C66: : | D66: C | E66: 2752 | G66: 2222 | I66: 2401 | K66: 2519 | M66: : | N66: C | O66: : | P66: C | Q66: 2771 | S66: 2820 | U66: 3003 | W66: 2794 | Y66: : | AA66: : | AC66: ="" | AD66: ="" | AE66: ="" | AF66: ="" | AG66: ="" | AH66: =""
A67: IE04 | B67: Northern and Western | C67: : | E67: : | G67: : | I67: : | K67: : | M67: : | O67: : | Q67: : | S67: : | T67: C | U67: 271 | W67: : | X67: C | Y67: : | Z67: C | AA67: 301 | AC67: =Post2020_Derivation!G110 | AD67: =IF(Post2020_Derivation!H110="","",Post2020_Derivation!H110) -> #NAME? | AE67: =Post2020_Derivation!M110 -> 350 | AF67: =IF(Post2020_Derivation!N110="","",Post2020_Derivation!N110) -> #NAME? | AG67: =Post2020_Derivation!S110 -> 378 | AH67: =IF(Post2020_Derivation!T110="","",Post2020_Derivation!T110) -> #NAME?
A68: IE05 | B68: Southern | C68: : | E68: : | G68: : | I68: : | K68: : | M68: : | O68: : | Q68: : | S68: : | T68: C | U68: 1347 | W68: : | X68: C | Y68: : | Z68: C | AA68: 2053 | AC68: =Post2020_Derivation!G111 | AD68: =IF(Post2020_Derivation!H111="","",Post2020_Derivation!H111) -> #NAME? | AE68: =Post2020_Derivation!M111 -> 1551 | AF68: =IF(Post2020_Derivation!N111="","",Post2020_Derivation!N111) -> #NAME? | AG68: =Post2020_Derivation!S111 -> 1472 | AH68: =IF(Post2020_Derivation!T111="","",Post2020_Derivation!T111) -> #NAME?
A69: IE06 | B69: Eastern and Midland | C69: : | E69: : | G69: : | I69: : | K69: : | M69: : | O69: : | Q69: : | S69: 984 | U69: 1372 | W69: 1121 | Y69: 1426 | AA69: 1115 | AC69: =Post2020_Derivation!G112 -> 902 | AD69: =IF(Post2020_Derivation!H112="","",Post2020_Derivation!H112) -> #NAME? | AE69: =Post2020_Derivation!M112 -> 1128 | AF69: =IF(Post2020_Derivation!N112="","",Post2020_Derivation!N112) -> #NAME? | AG69: =Post2020_Derivation!S112 -> 1316 | AH69: =IF(Post2020_Derivation!T112="","",Post2020_Derivation!T112) -> #NAME?
A70: IE01 | B70: Border, Midland and Western (NUTS 2013) | C70: : | D70: C | E70: 591 | G70: 700 | I70: 745 | K70: 854 | M70: : | N70: C | O70: : | P70: C | Q70: 899 | S70: : | U70: : | W70: : | Y70: : | AA70: : | AC70: ="" | AD70: ="" | AE70: ="" | AF70: ="" | AG70: ="" | AH70: =""
A71: IE02 | B71: Southern and Eastern (NUTS 2013) | C71: : | D71: C | E71: 2161 | G71: 1522 | I71: 1655 | K71: 1664 | M71: : | N71: C | O71: : | P71: C | Q71: 1864 | S71: : | U71: : | W71: : | Y71: : | AA71: : | AC71: ="" | AD71: ="" | AE71: ="" | AF71: ="" | AG71: ="" | AH71: =""
A72: EL | B72: Greece | C72: 4687 | E72: 4170 | G72: 3606 | I72: 3073 | K72: 2843 | M72: 2104 | O72: 1983 | Q72: 1798 | S72: 1813 | U72: 1757 | W72: 1965 | X72: b | Y72: 1662 | AA72: 1646 | AC72: =Post2020_Derivation!G113 -> 1852 | AD72: =IF(Post2020_Derivation!H113="","",Post2020_Derivation!H113) -> #NAME? | AE72: =Post2020_Derivation!M113 -> 1425 | AF72: =IF(Post2020_Derivation!N113="","",Post2020_Derivation!N113) -> #NAME? | AG72: =Post2020_Derivation!S113 -> 1476 | AH72: =IF(Post2020_Derivation!T113="","",Post2020_Derivation!T113) -> #NAME?
A73: EL1 | B73: Voreia Ellada (NUTS 2010) | C73: 2186 | E73: 2472 | G73: 2183 | I73: : | J73: C | K73: 1183 | M73: : | O73: : | Q73: : | S73: : | U73: : | W73: : | Y73: : | AA73: : | AC73: ="" | AD73: ="" | AE73: ="" | AF73: ="" | AG73: ="" | AH73: =""
A74: EL11 | B74: Anatoliki Makedonia, Thraki (NUTS 2010) | C74: 189 | E74: 482 | G74: 426 | I74: : | J74: C | K74: 141 | M74: : | O74: : | Q74: : | S74: : | U74: : | W74: : | Y74: : | AA74: : | AC74: ="" | AD74: ="" | AE74: ="" | AF74: ="" | AG74: ="" | AH74: =""
A75: EL12 | B75: Kentriki Makedonia (NUTS 2010) | C75: 1554 | E75: 1129 | G75: 1035 | I75: : | J75: C | K75: 899 | M75: : | O75: : | Q75: : | S75: : | U75: : | W75: : | Y75: : | AA75: : | AC75: ="" | AD75: ="" | AE75: ="" | AF75: ="" | AG75: ="" | AH75: =""
A76: EL13 | B76: Dytiki Makedonia (NUTS 2010) | C76: 54 | E76: : | G76: 0 | I76: : | J76: C | K76: 28 | M76: : | O76: : | Q76: : | S76: : | U76: : | W76: : | Y76: : | AA76: : | AC76: ="" | AD76: ="" | AE76: ="" | AF76: ="" | AG76: ="" | AH76: =""
A77: EL14 | B77: Thessalia (NUTS 2010) | C77: 389 | E77: 861 | G77: 722 | I77: : | J77: C | K77: 115 | M77: : | O77: : | Q77: : | S77: : | U77: : | W77: : | Y77: : | AA77: : | AC77: ="" | AD77: ="" | AE77: ="" | AF77: ="" | AG77: ="" | AH77: =""
A78: EL2 | B78: Kentriki Ellada (NUTS 2010) | C78: 528 | E78: 137 | G78: : | H78: C | I78: : | J78: C | K78: 351 | M78: : | O78: : | Q78: : | S78: : | U78: : | W78: : | Y78: : | AA78: : | AC78: ="" | AD78: ="" | AE78: ="" | AF78: ="" | AG78: ="" | AH78: =""
A79: EL21 | B79: Ipeiros (NUTS 2010) | C79: 20 | E79: : | G79: : | H79: C | I79: : | J79: C | K79: 38 | M79: : | O79: : | Q79: : | S79: : | U79: : | W79: : | Y79: : | AA79: : | AC79: ="" | AD79: ="" | AE79: ="" | AF79: ="" | AG79: ="" | AH79: =""
A80: EL22 | B80: Ionia Nisia (NUTS 2010) | C80: 22 | E80: : | G80: 0 | I80: : | J80: C | K80: : | L80: C | M80: : | O80: : | Q80: : | S80: : | U80: : | W80: : | Y80: : | AA80: : | AC80: ="" | AD80: ="" | AE80: ="" | AF80: ="" | AG80: ="" | AH80: =""
A81: EL23 | B81: Dytiki Ellada (NUTS 2010) | C81: 177 | E81: : | F81: C | G81: : | H81: C | I81: : | J81: C | K81: 139 | M81: : | O81: : | Q81: : | S81: : | U81: : | W81: : | Y81: : | AA81: : | AC81: ="" | AD81: ="" | AE81: ="" | AF81: ="" | AG81: ="" | AH81: =""
A82: EL24 | B82: Sterea Ellada (NUTS 2010) | C82: 169 | E82: : | F82: C | G82: 0 | I82: : | J82: C | K82: : | L82: C | M82: : | O82: : | Q82: : | S82: : | U82: : | W82: : | Y82: : | AA82: : | AC82: ="" | AD82: ="" | AE82: ="" | AF82: ="" | AG82: ="" | AH82: =""
A83: EL25 | B83: Peloponnisos (NUTS 2010) | C83: 140 | E83: : | G83: 0 | I83: : | J83: C | K83: 78 | M83: : | O83: : | Q83: : | S83: : | U83: : | W83: : | Y83: : | AA83: : | AC83: ="" | AD83: ="" | AE83: ="" | AF83: ="" | AG83: ="" | AH83: =""
A84: EL3 | B84: Attiki | C84: 1827 | E84: 1561 | G84: 1291 | I84: : | J84: C | K84: 1170 | M84: 811 | O84: 807 | Q84: 774 | S84: 730 | U84: 702 | W84: 798 | X84: b | Y84: 842 | AA84: 814 | AC84: =Post2020_Derivation!G114 -> 790 | AD84: =IF(Post2020_Derivation!H114="","",Post2020_Derivation!H114) -> #NAME? | AE84: =Post2020_Derivation!M114 -> 668 | AF84: =IF(Post2020_Derivation!N114="","",Post2020_Derivation!N114) -> #NAME? | AG84: =Post2020_Derivation!S114 -> 704 | AH84: =IF(Post2020_Derivation!T114="","",Post2020_Derivation!T114) -> #NAME?
A85: EL30 | B85: Attiki | C85: 1827 | E85: 1561 | G85: 1291 | I85: 1268 | K85: 1170 | M85: 811 | O85: 807 | Q85: 774 | S85: 730 | U85: 702 | W85: 798 | X85: b | Y85: 842 | AA85: 814 | AC85: =Post2020_Derivation!G115 -> 790 | AD85: =IF(Post2020_Derivation!H115="","",Post2020_Derivation!H115) -> #NAME? | AE85: =Post2020_Derivation!M115 -> 668 | AF85: =IF(Post2020_Derivation!N115="","",Post2020_Derivation!N115) -> #NAME? | AG85: =Post2020_Derivation!S115 -> 704 | AH85: =IF(Post2020_Derivation!T115="","",Post2020_Derivation!T115) -> #NAME?
A86: EL4 | B86: Nisia Aigaiou, Kriti | C86: 146 | E86: : | G86: : | H86: C | I86: : | J86: C | K86: 140 | M86: : | N86: C | O86: 59 | Q86: 46 | S86: 42 | U86: 45 | W86: 60 | X86: b | Y86: 54 | AA86: 60 | AC86: =Post2020_Derivation!G116 -> 41 | AD86: =IF(Post2020_Derivation!H116="","",Post2020_Derivation!H116) -> #NAME? | AE86: =Post2020_Derivation!M116 -> 43 | AF86: =IF(Post2020_Derivation!N116="","",Post2020_Derivation!N116) -> #NAME? | AG86: =Post2020_Derivation!S116 -> 90 | AH86: =IF(Post2020_Derivation!T116="","",Post2020_Derivation!T116) -> #NAME?
A87: EL41 | B87: Voreio Aigaio | C87: 22 | E87: : | G87: 0 | I87: : | J87: C | K87: 24 | M87: : | N87: C | O87: : | P87: C | Q87: 7 | S87: 6 | U87: 3 | W87: 6 | X87: b | Y87: 7 | AA87: : | AB87: C | AC87: =Post2020_Derivation!G117 -> 10 | AD87: =IF(Post2020_Derivation!H117="","",Post2020_Derivation!H117) -> #NAME? | AE87: =Post2020_Derivation!M117 -> 10 | AF87: =IF(Post2020_Derivation!N117="","",Post2020_Derivation!N117) -> #NAME? | AG87: =Post2020_Derivation!S117 -> 10 | AH87: =IF(Post2020_Derivation!T117="","",Post2020_Derivation!T117) -> #NAME?
A88: EL42 | B88: Notio Aigaio | C88: 20 | E88: : | G88: 0 | I88: : | J88: C | K88: 9 | M88: : | N88: C | O88: : | P88: C | Q88: 5 | S88: 6 | U88: 3 | W88: 3 | X88: b | Y88: 4 | AA88: : | AB88: C | AC88: =Post2020_Derivation!G118 -> 5 | AD88: =IF(Post2020_Derivation!H118="","",Post2020_Derivation!H118) -> #NAME? | AE88: =Post2020_Derivation!M118 -> 6 | AF88: =IF(Post2020_Derivation!N118="","",Post2020_Derivation!N118) -> #NAME? | AG88: =Post2020_Derivation!S118 -> 5 | AH88: =IF(Post2020_Derivation!T118="","",Post2020_Derivation!T118) -> #NAME?
A89: EL43 | B89: Kriti | C89: 104 | E89: : | G89: : | H89: C | I89: : | J89: C | K89: 107 | M89: 69 | O89: 36 | Q89: 34 | S89: 30 | U89: 39 | W89: 51 | X89: b | Y89: 43 | AA89: 47 | AC89: =Post2020_Derivation!G119 -> 31 | AD89: =IF(Post2020_Derivation!H119="","",Post2020_Derivation!H119) -> #NAME? | AE89: =Post2020_Derivation!M119 -> 64 | AF89: =IF(Post2020_Derivation!N119="","",Post2020_Derivation!N119) -> #NAME? | AG89: =Post2020_Derivation!S119 -> 70 | AH89: =IF(Post2020_Derivation!T119="","",Post2020_Derivation!T119) -> #NAME?
A90: EL5 | B90: Voreia Elláda | C90: : | E90: : | G90: : | I90: : | K90: : | M90: 860 | O90: 869 | Q90: 799 | S90: 816 | U90: 822 | W90: 906 | X90: b | Y90: 548 | AA90: 559 | AC90: =Post2020_Derivation!G120 -> 592 | AD90: =IF(Post2020_Derivation!H120="","",Post2020_Derivation!H120) -> #NAME? | AE90: =Post2020_Derivation!M120 -> 592 | AF90: =IF(Post2020_Derivation!N120="","",Post2020_Derivation!N120) -> #NAME? | AG90: =Post2020_Derivation!S120 -> 572 | AH90: =IF(Post2020_Derivation!T120="","",Post2020_Derivation!T120) -> #NAME?
A91: EL51 | B91: Anatoliki Makedonia, Thraki | C91: : | E91: : | G91: : | I91: : | K91: : | M91: 110 | O91: 117 | Q91: 95 | S91: 106 | U91: 103 | W91: 117 | X91: b | Y91: 117 | AA91: 116 | AC91: =Post2020_Derivation!G121 -> 100 | AD91: =IF(Post2020_Derivation!H121="","",Post2020_Derivation!H121) -> #NAME? | AE91: =Post2020_Derivation!M121 -> 92 | AF91: =IF(Post2020_Derivation!N121="","",Post2020_Derivation!N121) -> #NAME? | AG91: =Post2020_Derivation!S121 -> 78 | AH91: =IF(Post2020_Derivation!T121="","",Post2020_Derivation!T121) -> #NAME?
A92: EL52 | B92: Kentriki Makedonia | C92: : | E92: : | G92: : | I92: : | K92: : | M92: 709 | O92: 718 | Q92: 676 | S92: 679 | U92: 693 | W92: 759 | X92: b | Y92: 402 | AA92: 411 | AC92: =Post2020_Derivation!G122 -> 432 | AD92: =IF(Post2020_Derivation!H122="","",Post2020_Derivation!H122) -> #NAME? | AE92: =Post2020_Derivation!M122 -> 440 | AF92: =IF(Post2020_Derivation!N122="","",Post2020_Derivation!N122) -> #NAME? | AG92: =Post2020_Derivation!S122 -> 416 | AH92: =IF(Post2020_Derivation!T122="","",Post2020_Derivation!T122) -> #NAME?
A93: EL53 | B93: Dytiki Makedonia | C93: : | E93: : | G93: : | I93: : | K93: : | M93: 17 | O93: : | P93: C | Q93: 18 | S93: 16 | U93: 15 | W93: 16 | X93: b | Y93: 15 | AA93: : | AB93: C | AC93: =Post2020_Derivation!G123 -> 18 | AD93: =IF(Post2020_Derivation!H123="","",Post2020_Derivation!H123) -> #NAME? | AE93: =Post2020_Derivation!M123 -> 18 | AF93: =IF(Post2020_Derivation!N123="","",Post2020_Derivation!N123) -> #NAME? | AG93: =Post2020_Derivation!S123 -> 14 | AH93: =IF(Post2020_Derivation!T123="","",Post2020_Derivation!T123) -> #NAME?
A94: EL54 | B94: Ipeiros | C94: : | E94: : | G94: : | I94: : | K94: : | M94: 24 | O94: : | P94: C | Q94: 10 | S94: 15 | U94: 11 | W94: 14 | X94: b | Y94: 14 | AA94: : | AB94: C | AC94: =Post2020_Derivation!G124 -> 18 | AD94: =IF(Post2020_Derivation!H124="","",Post2020_Derivation!H124) -> #NAME? | AE94: =Post2020_Derivation!M124 -> 18 | AF94: =IF(Post2020_Derivation!N124="","",Post2020_Derivation!N124) -> #NAME? | AG94: =Post2020_Derivation!S124 -> 18 | AH94: =IF(Post2020_Derivation!T124="","",Post2020_Derivation!T124) -> #NAME?
A95: EL6 | B95: Kentriki Elláda | C95: : | E95: : | G95: : | I95: : | K95: : | M95: : | N95: C | O95: 248 | Q95: 179 | S95: 225 | U95: 188 | W95: 201 | X95: b | Y95: 218 | AA95: 213 | AC95: =Post2020_Derivation!G125 -> 232 | AD95: =IF(Post2020_Derivation!H125="","",Post2020_Derivation!H125) -> #NAME? | AE95: =Post2020_Derivation!M125 -> 234 | AF95: =IF(Post2020_Derivation!N125="","",Post2020_Derivation!N125) -> #NAME? | AG95: =Post2020_Derivation!S125 -> 256 | AH95: =IF(Post2020_Derivation!T125="","",Post2020_Derivation!T125) -> #NAME?
A96: EL61 | B96: Thessalia | C96: : | E96: : | G96: : | I96: : | K96: : | M96: 167 | O96: 72 | Q96: 51 | S96: 64 | U96: 61 | W96: 69 | X96: b | Y96: 70 | AA96: 65 | AC96: =Post2020_Derivation!G126 -> 70 | AD96: =IF(Post2020_Derivation!H126="","",Post2020_Derivation!H126) -> #NAME? | AE96: =Post2020_Derivation!M126 -> 111 | AF96: =IF(Post2020_Derivation!N126="","",Post2020_Derivation!N126) -> #NAME? | AG96: =Post2020_Derivation!S126 -> 120 | AH96: =IF(Post2020_Derivation!T126="","",Post2020_Derivation!T126) -> #NAME?
A97: EL62 | B97: Ionia Nisia | C97: : | E97: : | G97: : | I97: : | K97: : | M97: : | N97: C | O97: : | P97: C | Q97: 8 | S97: 13 | U97: 9 | W97: 10 | X97: b | Y97: 11 | AA97: : | AB97: C | AC97: =Post2020_Derivation!G127 -> 10 | AD97: =IF(Post2020_Derivation!H127="","",Post2020_Derivation!H127) -> #NAME? | AE97: =Post2020_Derivation!M127 -> 10 | AF97: =IF(Post2020_Derivation!N127="","",Post2020_Derivation!N127) -> #NAME? | AG97: =Post2020_Derivation!S127 -> 10 | AH97: =IF(Post2020_Derivation!T127="","",Post2020_Derivation!T127) -> #NAME?
A98: EL63 | B98: Dytiki Elláda | C98: : | E98: : | G98: : | I98: : | K98: : | M98: 83 | O98: 69 | Q98: 46 | S98: 63 | U98: 41 | W98: 48 | X98: b | Y98: 55 | AA98: : | AB98: C | AC98: =Post2020_Derivation!G128 -> 54 | AD98: =IF(Post2020_Derivation!H128="","",Post2020_Derivation!H128) -> #NAME? | AE98: =Post2020_Derivation!M128 -> 52 | AF98: =IF(Post2020_Derivation!N128="","",Post2020_Derivation!N128) -> #NAME? | AG98: =Post2020_Derivation!S128 -> 64 | AH98: =IF(Post2020_Derivation!T128="","",Post2020_Derivation!T128) -> #NAME?
A99: EL64 | B99: Sterea Elláda | C99: : | E99: : | G99: : | I99: : | K99: : | M99: 32 | O99: : | P99: C | Q99: 24 | S99: 33 | U99: 24 | W99: 25 | X99: b | Y99: 27 | AA99: 30 | AC99: =Post2020_Derivation!G129 -> 34 | AD99: =IF(Post2020_Derivation!H129="","",Post2020_Derivation!H129) -> #NAME? | AE99: =Post2020_Derivation!M129 -> 34 | AF99: =IF(Post2020_Derivation!N129="","",Post2020_Derivation!N129) -> #NAME? | AG99: =Post2020_Derivation!S129 -> 40 | AH99: =IF(Post2020_Derivation!T129="","",Post2020_Derivation!T129) -> #NAME?
A100: EL65 | B100: Peloponnisos | C100: : | E100: : | G100: : | I100: : | K100: : | M100: 49 | O100: 59 | Q100: 50 | S100: 52 | U100: 53 | W100: 49 | X100: b | Y100: 55 | AA100: 53 | AC100: =Post2020_Derivation!G130 -> 64 | AD100: =IF(Post2020_Derivation!H130="","",Post2020_Derivation!H130) -> #NAME? | AE100: =Post2020_Derivation!M130 -> 64 | AF100: =IF(Post2020_Derivation!N130="","",Post2020_Derivation!N130) -> #NAME? | AG100: =Post2020_Derivation!S130 -> 62 | AH100: =IF(Post2020_Derivation!T130="","",Post2020_Derivation!T130) -> #NAME?
...

Sheet LocalUnits_Merged
A1: GEO code | B1: GEO label | C1: 2008 | D1: flag_2008 | E1: 2009 | F1: flag_2009 | G1: 2010 | H1: flag_2010 | I1: 2011 | J1: flag_2011 | K1: 2012 | L1: flag_2012 | M1: 2013 | N1: flag_2013 | O1: 2014 | P1: flag_2014 | Q1: 2015 | R1: flag_2015 | S1: 2016 | T1: flag_2016 | U1: 2017 | V1: flag_2017 | W1: 2018 | X1: flag_2018 | Y1: 2019 | Z1: flag_2019 | AA1: 2020 | AB1: flag_2020 | AC1: 2021 | AD1: flag_2021 | AE1: 2022 | AF1: flag_2022 | AG1: 2023 | AH1: flag_2023
A2: BE | B2: Belgium | C2: 583 | E2: 469 | G2: 553 | I2: 441 | K2: 383 | M2: 415 | O2: 382 | Q2: 369 | S2: 350 | U2: 393 | W2: 425 | X2: b | Y2: 461 | AA2: 510 | AC2: 336 | AE2: 543 | AG2: 487
A3: BE1 | B3: Région de Bruxelles-Capitale/Brussels Hoofdstedelijk Gewest | C3: : | D3: C | E3: 32 | G3: 30 | I3: 27 | K3: 21 | M3: 22 | O3: 18 | Q3: 18 | S3: 21 | U3: 22 | W3: 22 | X3: b | Y3: 30 | AA3: 30 | AC3: 17 | AE3: 28 | AG3: 25
A4: BE10 | B4: Région de Bruxelles-Capitale/Brussels Hoofdstedelijk Gewest | C4: : | D4: C | E4: 32 | G4: 30 | I4: 27 | K4: 21 | M4: 22 | O4: 18 | Q4: 18 | S4: 21 | U4: 22 | W4: 22 | X4: b | Y4: 30 | AA4: 30 | AC4: 17 | AE4: 28 | AG4: 25
A5: BE2 | B5: Vlaams Gewest | C5: : | D5: C | E5: 326 | G5: 380 | I5: 308 | K5: 274 | M5: 294 | O5: 270 | Q5: 267 | S5: 247 | U5: 268 | W5: 309 | X5: b | Y5: 331 | AA5: 370 | AC5: : | AD5: C | AE5: 395 | AG5: 350
A6: BE21 | B6: Prov. Antwerpen | C6: 114 | E6: : | F6: C | G6: 88 | I6: 78 | K6: 66 | M6: 74 | O6: 76 | Q6: 68 | S6: 63 | U6: 71 | W6: 68 | X6: b | Y6: 78 | AA6: 86 | AC6: 56 | AE6: 95 | AG6: 78
A7: BE22 | B7: Prov. Limburg (BE) | C7: : | D7: C | E7: : | F7: C | G7: : | H7: C | I7: 52 | K7: 50 | M7: 52 | O7: 45 | Q7: 41 | S7: 42 | U7: 41 | W7: 52 | X7: b | Y7: 56 | AA7: 54 | AC7: : | AD7: C | AE7: 70 | AG7: 66
A8: BE23 | B8: Prov. Oost-Vlaanderen | C8: : | D8: C | E8: 78 | G8: 89 | I8: 68 | K8: 61 | M8: 72 | O8: 58 | Q8: 71 | S8: 61 | U8: 73 | W8: 80 | X8: b | Y8: 89 | AA8: 91 | AC8: 56 | AE8: 88 | AG8: 78
A9: BE24 | B9: Prov. Vlaams-Brabant | C9: : | D9: C | E9: 31 | G9: : | H9: C | I9: 32 | K9: 25 | M9: 33 | O9: 28 | Q9: 30 | S9: 25 | U9: 27 | W9: 35 | X9: b | Y9: 31 | AA9: 48 | AC9: 21 | AE9: 38 | AG9: 36
A10: BE25 | B10: Prov. West-Vlaanderen | C10: 89 | E10: 71 | G10: 95 | I10: 78 | K10: 72 | M10: 63 | O10: 63 | Q10: 57 | S10: 56 | U10: 56 | W10: 74 | X10: b | Y10: 77 | AA10: 91 | AC10: 69 | AE10: 104 | AG10: 92
A11: BE3 | B11: Région wallonne | C11: : | D11: C | E11: 109 | G11: 139 | I11: 102 | K11: 87 | M11: 91 | O11: 87 | Q11: 79 | S11: 76 | U11: 94 | W11: 83 | X11: b | Y11: 90 | AA11: 104 | AC11: : | AD11: C | AE11: 114 | AG11: 104
A12: BE31 | B12: Prov. Brabant wallon | C12: : | D12: C | E12: 5 | G12: : | H12: C | I12: 10 | K12: 12 | M12: 10 | O12: 5 | Q12: 4 | S12: 9 | U12: 9 | W12: : | X12: bC | Y12: : | Z12: C | AA12: 13 | AC12: 3 | AE12: 12 | AG12: 7
A13: BE32 | B13: Prov. Hainaut | C13: : | D13: C | E13: 33 | G13: : | H13: C | I13: : | J13: C | K13: 24 | M13: : | N13: C | O13: 24 | Q13: 23 | S13: 20 | U13: 21 | W13: : | X13: bC | Y13: : | Z13: C | AA13: 35 | AC13: 23 | AE13: 31 | AG13: : | AH13: C
A14: BE33 | B14: Prov. Liège | C14: : | D14: C | E14: 45 | G14: : | H14: C | I14: : | J14: C | K14: 44 | M14: 47 | O14: 45 | Q14: 41 | S14: 36 | U14: 47 | W14: 38 | X14: b | Y14: : | Z14: C | AA14: 41 | AC14: : | AD14: C | AE14: 50 | AG14: 48
A15: BE34 | B15: Prov. Luxembourg (BE) | C15: : | D15: C | E15: : | F15: C | G15: : | H15: C | I15: : | J15: C | K15: : | L15: C | M15: : | N15: C | O15: : | P15: C | Q15: 3 | S15: : | T15: C | U15: 5 | W15: : | X15: bC | Y15: 4 | AA15: : | AB15: C | AC15: 4 | AE15: 3 | AG15: : | AH15: C
A16: BE35 | B16: Prov. Namur | C16: 20 | E16: : | F16: C | G16: 18 | I16: 12 | K16: : | L16: C | M16: 7 | O16: : | P16: C | Q16: 8 | S16: : | T16: C | U16: 12 | W16: 7 | X16: b | Y16: 7 | AA16: : | AB16: C | AC16: 10 | AE16: 18 | AG16: : | AH16: C
A17: BG | B17: Bulgaria | C17: 99 | E17: 104 | G17: 110 | I17: 113 | K17: 113 | M17: 114 | O17: 117 | Q17: 118 | S17: 123 | U17: 120 | W17: 129 | X17: b | Y17: 145 | AA17: 148 | AC17: 156 | AE17: 155 | AG17: 159
A18: BG3 | B18: Severna i Yugoiztochna Bulgaria | C18: 53 | E18: 57 | G18: 62 | I18: 64 | K18: 64 | M18: 63 | O18: 63 | Q18: 66 | S18: 66 | U18: 64 | W18: 62 | X18: b | Y18: 69 | AA18: 76 | AC18: 79 | AE18: 85 | AG18: 82
A19: BG31 | B19: Severozapaden | C19: 8 | E19: 7 | G19: 4 | I19: 7 | K19: 6 | M19: 9 | O19: 11 | Q19: 10 | S19: 11 | U19: 11 | W19: 11 | X19: b | Y19: 13 | AA19: 17 | AC19: 17 | AE19: 17 | AG19: 16
A20: BG32 | B20: Severen tsentralen | C20: 14 | E20: 14 | G20: 18 | I20: 18 | K20: 21 | M20: 16 | O20: 14 | Q20: 15 | S20: 15 | U20: 16 | W20: 13 | X20: b | Y20: 15 | AA20: 18 | AC20: 22 | AE20: 24 | AG20: 24
A21: BG33 | B21: Severoiztochen | C21: 15 | E21: 20 | G21: 23 | I21: 21 | K21: 20 | M21: 20 | O21: 17 | Q21: 20 | S21: 20 | U21: 17 | W21: 18 | X21: b | Y21: 19 | AA21: 15 | AC21: 14 | AE21: 14 | AG21: 13
A22: BG34 | B22: Yugoiztochen | C22: 16 | E22: 16 | G22: 17 | I22: 18 | K22: 17 | M22: 18 | O22: 21 | Q22: 21 | S22: 20 | U22: 20 | W22: 20 | X22: b | Y22: 22 | AA22: 26 | AC22: 26 | AE22: 30 | AG22: 29
A23: BG4 | B23: Yugozapadna i Yuzhna tsentralna Bulgaria | C23: 46 | E23: 47 | G23: 48 | I23: 49 | K23: 49 | M23: 51 | O23: 54 | Q23: 52 | S23: 57 | U23: 56 | W23: 67 | X23: b | Y23: 76 | AA23: 72 | AC23: 77 | AE23: 70 | AG23: 77
A24: BG41 | B24: Yugozapaden | C24: 29 | E24: 27 | G24: 27 | I24: 30 | K24: 28 | M24: 31 | O24: 29 | Q24: 30 | S24: 32 | U24: 25 | W24: 32 | X24: b | Y24: 35 | AA24: 29 | AC24: 36 | AE24: 33 | AG24: 35
A25: BG42 | B25: Yuzhen tsentralen | C25: 17 | E25: 20 | G25: 21 | I25: 19 | K25: 21 | M25: 20 | O25: 25 | Q25: 22 | S25: 25 | U25: 31 | W25: 35 | X25: b | Y25: 41 | AA25: 43 | AC25: 41 | AE25: 37 | AG25: 42
A26: CZ | B26: Czechia | C26: 1323 | D26: p | E26: 1366 | G26: 1438 | I26: 1393 | K26: 1360 | M26: 1286 | O26: 1279 | Q26: 1273 | S26: 1292 | U26: 1281 | W26: 1301 | Y26: 1359 | AA26: 1360 | AC26: 1384 | AE26: 1376 | AG26: 1360
A27: CZ0 | B27: Česko | C27: 1323 | D27: p | E27: 1366 | G27: 1438 | I27: 1393 | K27: 1360 | M27: 1286 | O27: 1279 | Q27: 1273 | S27: 1292 | U27: 1281 | W27: 1301 | Y27: 1359 | AA27: 1360 | AC27: 1384 | AE27: 1376 | AG27: 1360
A28: CZ01 | B28: Praha | C28: 170 | D28: p | E28: 186 | G28: 209 | I28: 208 | K28: 198 | M28: 180 | O28: 175 | Q28: 181 | S28: 184 | U28: 156 | W28: 160 | Y28: 157 | AA28: 159 | AC28: 159 | AE28: 188 | AG28: 188
A29: CZ02 | B29: Střední Čechy | C29: 179 | D29: p | E29: 187 | G29: 234 | I29: 223 | K29: 220 | M29: 211 | O29: 226 | Q29: 216 | S29: 221 | U29: 213 | W29: 213 | Y29: 231 | AA29: 236 | AC29: 232 | AE29: 224 | AG29: 222
A30: CZ03 | B30: Jihozápad | C30: 153 | D30: p | E30: 162 | G30: 150 | I30: 151 | K30: 155 | M30: 141 | O30: 144 | Q30: 144 | S30: 157 | U30: 164 | W30: 172 | Y30: 173 | AA30: 169 | AC30: 191 | AE30: 175 | AG30: 169
A31: CZ04 | B31: Severozápad | C31: 140 | D31: p | E31: 138 | G31: 128 | I31: 122 | K31: 122 | M31: 109 | O31: 113 | Q31: 109 | S31: 110 | U31: 106 | W31: 108 | Y31: 112 | AA31: 102 | AC31: 116 | AE31: 96 | AG31: 98
A32: CZ05 | B32: Severovýchod | C32: 233 | D32: p | E32: 234 | G32: 257 | I32: 261 | K32: 252 | M32: 235 | O32: 233 | Q32: 234 | S32: 234 | U32: 241 | W32: 241 | Y32: 267 | AA32: 272 | AC32: 251 | AE32: 259 | AG32: 263
A33: CZ06 | B33: Jihovýchod | C33: 174 | D33: p | E33: 184 | G33: 181 | I33: 168 | K33: 163 | M33: 156 | O33: 159 | Q33: 163 | S33: 159 | U33: 169 | W33: 171 | Y33: 177 | AA33: 175 | AC33: 189 | AE33: 192 | AG33: 174
A34: CZ07 | B34: Střední Morava | C34: 143 | D34: p | E34: 150 | G34: 147 | I34: 137 | K34: 136 | M34: 133 | O34: 126 | Q34: 121 | S34: 119 | U34: 118 | W34: 123 | Y34: 122 | AA34: 120 | AC34: 127 | AE34: 116 | AG34: 121
A35: CZ08 | B35: Moravskoslezsko | C35: 131 | D35: p | E35: 125 | G35: 132 | I35: 123 | K35: 114 | M35: 121 | O35: 103 | Q35: 105 | S35: 108 | U35: 114 | W35: 113 | Y35: 120 | AA35: 127 | AC35: 119 | AE35: 126 | AG35: 125
A36: CZZ | B36: Extra-Regio NUTS 1 | C36: 0 | D36: p | E36: 0 | G36: 0 | I36: 0 | K36: 0 | M36: : | O36: : | Q36: : | S36: : | U36: 0 | W36: 0 | Y36: : | AA36: : | AC36: 0 | AE36: 0 | AG36: 0
A37: CZZZ | B37: Extra-Regio NUTS 2 | C37: 0 | D37: p | E37: 0 | G37: 0 | I37: 0 | K37: 0 | M37: : | O37: : | Q37: : | S37: : | U37: 0 | W37: 0 | Y37: : | AA37: : | AC37: 0 | AE37: 0 | AG37: 0
A38: DK | B38: Denmark | C38: 196 | E38: 200 | G38: 195 | I38: 196 | K38: 196 | M38: 174 | O38: 174 | Q38: 171 | S38: 171 | U38: 173 | W38: 167 | Y38: 170 | AA38: 163 | AC38: 163 | AE38: 162 | AG38: 158
A39: DK0 | B39: Danmark | C39: 196 | E39: 200 | G39: 195 | I39: 196 | K39: 196 | M39: 174 | O39: 174 | Q39: 171 | S39: 171 | U39: 173 | W39: 167 | Y39: 170 | AA39: 163 | AC39: 163 | AE39: 162 | AG39: 158
A40: DK01 | B40: Hovedstaden | C40: 28 | E40: 25 | G40: 25 | I40: 30 | K40: 28 | M40: 26 | O40: 26 | Q40: 26 | S40: 27 | U40: 25 | W40: 28 | Y40: 27 | AA40: 25 | AC40: 24 | AE40: 22 | AG40: 20
A41: DK02 | B41: Sjælland | C41: 22 | E41: 25 | G41: 23 | I41: 21 | K41: 21 | M41: 17 | O41: 17 | Q41: 16 | S41: 17 | U41: 17 | W41: 14 | Y41: 16 | AA41: 16 | AC41: 17 | AE41: 17 | AG41: 17
A42: DK03 | B42: Syddanmark | C42: 62 | E42: 64 | G42: 65 | I42: 62 | K42: 69 | M42: 61 | O42: 60 | Q42: 62 | S42: 58 | U42: 62 | W42: 61 | Y42: 62 | AA42: 60 | AC42: 59 | AE42: 58 | AG42: 60
A43: DK04 | B43: Midtjylland | C43: 60 | E43: 62 | G43: 59 | I43: 61 | K43: 60 | M43: 55 | O43: 55 | Q43: 53 | S43: 55 | U43: 54 | W43: 51 | Y43: 51 | AA43: 48 | AC43: 50 | AE43: 50 | AG43: 48
A44: DK05 | B44: Nordjylland | C44: 24 | E44: 24 | G44: 23 | I44: 22 | K44: 18 | M44: 15 | O44: 16 | Q44: 14 | S44: 14 | U44: 15 | W44: 13 | Y44: 14 | AA44: 14 | AC44: 13 | AE44: 15 | AG44: 13
A45: DE | B45: Germany | C45: 1369 | E45: 1368 | F45: d | G45: 6460 | I45: 6207 | K45: 5948 | M45: 5884 | O45: 5805 | Q45: 5772 | S45: 5613 | U45: 5512 | W45: 5472 | Y45: 5388 | AA45: 5285 | AC45: 3695 | AE45: 3720 | AG45: 3717
A46: DE1 | B46: Baden-Württemberg | C46: 325 | E46: 314 | F46: d | G46: 1396 | I46: 1317 | K46: 1256 | M46: 1282 | O46: 1274 | Q46: 1250 | S46: 1171 | U46: 1125 | W46: 1099 | Y46: 1072 | AA46: 1079 | AC46: 700 | AE46: 707 | AG46: 696
A47: DE11 | B47: Stuttgart | C47: 145 | E47: 139 | F47: d | G47: 624 | I47: 604 | K47: 580 | M47: 591 | O47: 601 | Q47: 598 | S47: 556 | U47: 532 | W47: 521 | Y47: 494 | AA47: 506 | AC47: 293 | AE47: 291 | AG47: 285
A48: DE12 | B48: Karlsruhe | C48: 78 | E48: 76 | F48: d | G48: 350 | I48: 330 | K48: 295 | M48: 302 | O48: 294 | Q48: 290 | S48: 271 | U48: 272 | W48: 258 | Y48: 255 | AA48: 250 | AC48: 157 | AE48: 162 | AG48: 158
A49: DE13 | B49: Freiburg | C49: 42 | E49: 41 | F49: d | G49: 185 | I49: 177 | K49: 184 | M49: 180 | O49: 182 | Q49: 176 | S49: 168 | U49: 157 | W49: 147 | Y49: 147 | AA49: 145 | AC49: 119 | AE49: 117 | AG49: 125
A50: DE14 | B50: Tübingen | C50: 60 | E50: 58 | F50: d | G50: 237 | I50: 206 | K50: 197 | M50: 209 | O50: 197 | Q50: 186 | S50: 176 | U50: 164 | W50: 173 | Y50: 176 | AA50: 178 | AC50: 131 | AE50: 137 | AG50: 128
A51: DE2 | B51: Bayern | C51: 219 | E51: 228 | F51: d | G51: 1261 | I51: 1199 | K51: 1165 | M51: 1146 | O51: 1105 | Q51: 1132 | S51: 1114 | U51: 1098 | W51: 1099 | Y51: 1060 | AA51: 1013 | AC51: 651 | AE51: 668 | AG51: 669
A52: DE21 | B52: Oberbayern | C52: 56 | E52: 55 | F52: d | G52: 378 | I52: 373 | K52: 351 | M52: 342 | O52: 328 | Q52: 330 | S52: 339 | U52: 324 | W52: 318 | Y52: 314 | AA52: 291 | AC52: 230 | AE52: 235 | AG52: 240
A53: DE22 | B53: Niederbayern | C53: 36 | E53: 39 | F53: d | G53: 209 | I53: 186 | K53: 183 | M53: 183 | O53: 176 | Q53: 177 | S53: 163 | U53: 173 | W53: 173 | Y53: 166 | AA53: 172 | AC53: 72 | AE53: 79 | AG53: 81
A54: DE23 | B54: Oberpfalz | C54: 31 | E54: 34 | F54: d | G54: 175 | I54: 171 | K54: 152 | M54: 145 | O54: 139 | Q54: 148 | S54: 142 | U54: 152 | W54: 148 | Y54: 144 | AA54: 122 | AC54: 72 | AE54: 74 | AG54: 68
A55: DE24 | B55: Oberfranken | C55: 17 | E55: 18 | F55: d | G55: 90 | I55: 82 | K55: 85 | M55: 79 | O55: 78 | Q55: 85 | S55: 87 | U55: 79 | W55: 85 | Y55: 84 | AA55: 78 | AC55: 47 | AE55: 51 | AG55: 51
A56: DE25 | B56: Mittelfranken | C56: 25 | E56: 27 | F56: d | G56: 121 | I56: 114 | K56: 108 | M56: 106 | O56: 101 | Q56: 116 | S56: 119 | U56: 101 | W56: 102 | Y56: 98 | AA56: 86 | AC56: 66 | AE56: 64 | AG56: 62
... A61: DE4 | B61: Brandenburg | C61: 22 | E61: 23 | F61: d | G61: 115 | I61: 125 | K61: 133 | M61: 113 | O61: 109 | Q61: 119 | S61: 117 | U61: 112 | W61: 101 | Y61: 93 | AA61: 100 | AC61: 72 | AE61: 76 | AG61: 80
A62: DE40 | B62: Brandenburg | C62: : | E62: : | G62: : | I62: 125 | K62: 133 | M62: 113 | O62: 109 | Q62: 119 | S62: 117 | U62: 112 | W62: 101 | Y62: 93 | AA62: 100 | AC62: 72 | AE62: 76 | AG62: 80
A63: DE41 | B63: Brandenburg - Nordost (NUTS 2006) | C63: 9 | E63: 8 | F63: d | G63: 41 | I63: : | K63: : | M63: : | O63: : | Q63: : | S63: : | U63: : | W63: : | X63: b | Y63: : | AA63: :
A64: DE42 | B64: Brandenburg - Südwest (NUTS 2006) | C64: 13 | E64: 15 | F64: d | G64: 74 | I64: : | K64: : | M64: : | O64: : | Q64: : | S64: : | U64: : | W64: : | X64: b | Y64: : | AA64: :
A65: DE5 | B65: Bremen | C65: 13 | E65: 11 | F65: d | G65: 49 | I65: 46 | K65: 43 | M65: 48 | O65: 47 | Q65: 47 | S65: 49 | U65: 44 | W65: 49 | Y65: 49 | AA65: 51 | AC65: 31 | AE65: 29 | AG65: 28
A66: DE50 | B66: Bremen | C66: 13 | E66: 11 | F66: d | G66: 49 | I66: 46 | K66: 43 | M66: 48 | O66: 47 | Q66: 47 | S66: 49 | U66: 44 | W66: 49 | Y66: 49 | AA66: 51 | AC66: 31 | AE66: 29 | AG66: 28
A67: DE6 | B67: Hamburg | C67: 2 | E67: 2 | F67: d | G67: 17 | I67: 11 | K67: 11 | M67: 11 | O67: 11 | Q67: 11 | S67: 10 | U67: 5 | W67: 5 | Y67: 5 | AA67: 10 | AC67: 31 | AE67: 28 | AG67: 31
A68: DE60 | B68: Hamburg | C68: 2 | E68: 2 | F68: d | G68: 17 | I68: 11 | K68: 11 | M68: 11 | O68: 11 | Q68: 11 | S68: 10 | U68: 5 | W68: 5 | Y68: 5 | AA68: 10 | AC68: 31 | AE68: 28 | AG68: 31
A69: DE7 | B69: Hessen | C69: 70 | E69: 72 | F69: d | G69: 381 | I69: 378 | K69: 373 | M69: 338 | O69: 313 | Q69: 313 | S69: 284 | U69: 282 | W69: 294 | Y69: 294 | AA69: 265 | AC69: 208 | AE69: 227 | AG69: 220
A70: DE71 | B70: Darmstadt | C70: 37 | E70: 35 | F70: d | G70: 226 | I70: 204 | K70: 198 | M70: 177 | O70: 168 | Q70: 163 | S70: 147 | U70: 144 | W70: 145 | Y70: 146 | AA70: 131 | AC70: 122 | AE70: 136 | AG70: 129
A71: DE72 | B71: Gießen | C71: 15 | E71: 16 | F71: d | G71: 78 | I71: 86 | K71: 79 | M71: 68 | O71: 65 | Q71: 68 | S71: 66 | U71: 64 | W71: 70 | Y71: 68 | AA71: 59 | AC71: 38 | AE71: 42 | AG71: 42
A72: DE73 | B72: Kassel | C72: 18 | E72: 21 | F72: d | G72: 77 | I72: 88 | K72: 96 | M72: 93 | O72: 80 | Q72: 82 | S72: 71 | U72: 74 | W72: 79 | Y72: 80 | AA72: 75 | AC72: 48 | AE72: 49 | AG72: 49
A73: DE8 | B73: Mecklenburg-Vorpommern | C73: 23 | E73: 24 | F73: d | G73: 88 | I73: 91 | K73: 93 | M73: 95 | O73: 101 | Q73: 98 | S73: 95 | U73: 91 | W73: 95 | Y73: 89 | AA73: 80 | AC73: 40 | AE73: 37 | AG73: 34
A74: DE80 | B74: Mecklenburg-Vorpommern | C74: 23 | E74: 24 | F74: d | G74: 88 | I74: 91 | K74: 93 | M74: 95 | O74: 101 | Q74: 98 | S74: 95 | U74: 91 | W74: 95 | Y74: 89 | AA74: 80 | AC74: 40 | AE74: 37 | AG74: 34
A75: DE9 | B75: Niedersachsen | C75: 130 | E75: 125 | F75: d | G75: 554 | I75: 523 | K75: 494 | M75: 504 | O75: 520 | Q75: 512 | S75: 514 | U75: 519 | W75: 510 | Y75: 489 | AA75: 489 | AC75: 358 | AE75: 363 | AG75: 362
A76: DE91 | B76: Braunschweig | C76: 34 | E76: 31 | F76: d | G76: 129 | I76: 121 | K76: 110 | M76: 112 | O76: 119 | Q76: 112 | S76: 101 | U76: 106 | W76: 96 | Y76: 92 | AA76: 95 | AC76: 62 | AE76: 67 | AG76: 66
... A92: DED | B92: Sachsen | C92: 109 | E92: 113 | F92: d | G92: 492 | I92: 460 | K92: 427 | M92: 428 | O92: 446 | Q92: 458 | S92: 463 | U92: 453 | W92: 444 | Y92: 454 | AA92: 451 | AC92: 255 | AE92: 258 | AG92: 255
A93: DED1 | B93: Chemnitz (NUTS 2006) | C93: 64 | E93: 65 | F93: d | G93: 309 | I93: : | K93: : | M93: : | O93: : | Q93: : | S93: : | U93: : | W93: : | X93: b | Y93: : | AA93: :
A94: DED2 | B94: Dresden | C94: 21 | E94: 20 | F94: d | G94: 90 | I94: 86 | K94: 72 | M94: 71 | O94: 74 | Q94: 81 | S94: 71 | U94: 77 | W94: 71 | Y94: 86 | AA94: 90 | AC94: 72 | AE94: 74 | AG94: 72
A95: DED3 | B95: Leipzig (NUTS 2006) | C95: 24 | E95: 28 | F95: d | G95: 93 | I95: : | K95: : | M95: : | O95: : | Q95: : | S95: : | U95: : | W95: : | X95: b | Y95: : | AA95: :
A96: DED4 | B96: Chemnitz | C96: : | E96: : | G96: : | I96: 295 | K96: 286 | M96: 286 | O96: 298 | Q96: 308 | S96: 312 | U96: 307 | W96: 301 | Y96: 298 | AA96: 295 | AC96: 142 | AE96: 141 | AG96: 137
A97: DED5 | B97: Leipzig | C97: : | E97: : | G97: : | I97: 79 | K97: 69 | M97: 71 | O97: 74 | Q97: 69 | S97: 80 | U97: 69 | W97: 72 | Y97: 70 | AA97: 66 | AC97: 41 | AE97: 43 | AG97: 46
A98: DEE | B98: Sachsen-Anhalt | C98: 23 | E98: 24 | F98: d | G98: 91 | I98: 114 | K98: 114 | M98: 113 | O98: 103 | Q98: 100 | S98: 95 | U98: 93 | W98: 89 | Y98: 97 | AA98: 99 | AC98: 82 | AE98: 79 | AG98: 83
A99: DEE0 | B99: Sachsen-Anhalt | C99: 23 | E99: 24 | F99: d | G99: 91 | I99: 114 | K99: 114 | M99: 113 | O99: 103 | Q99: 100 | S99: 95 | U99: 93 | W99: 89 | Y99: 97 | AA99: 99 | AC99: 82 | AE99: 79 | AG99: 83
A100: DEF | B100: Schleswig-Holstein | C100: 13 | E100: 12 | F100: d | G100: 52 | I100: 55 | K100: 51 | M100: 55 | O100: 59 | Q100: 60 | S100: 58 | U100: 68 | W100: 68 | Y100: 67 | AA100: 71 | AC100: 82 | AE100: 89 | AG100: 88
A101: DEF0 | B101: Schleswig-Holstein | C101: 13 | E101: 12 | F101: d | G101: 52 | I101: 55 | K101: 51 | M101: 55 | O101: 59 | Q101: 60 | S101: 58 | U101: 68 | W101: 68 | Y101: 67 | AA101: 71 | AC101: 82 | AE101: 89 | AG101: 88
A102: DEG | B102: Thüringen | C102: 88 | E102: 88 | F102: d | G102: 382 | I102: 358 | K102: 315 | M102: 326 | O102: 315 | Q102: 324 | S102: 300 | U102: 292 | W102: 298 | Y102: 307 | AA102: 274 | AC102: 131 | AE102: 132 | AG102: 135
A103: DEG0 | B103: Thüringen | C103: 88 | E103: 88 | F103: d | G103: 382 | I103: 358 | K103: 315 | M103: 326 | O103: 315 | Q103: 324 | S103: 300 | U103: 292 | W103: 298 | Y103: 307 | AA103: 274 | AC103: 131 | AE103: 132 | AG103: 135
A104: EE | B104: Estonia | C104: 59 | E104: 56 | G104: 50 | I104: 47 | K104: 62 | M104: 60 | O104: 59 | Q104: 68 | S104: 68 | U104: 69 | W104: 69 | X104: b | Y104: 76 | AA104: 77 | AC104: 105 | AE104: 109 | AG104: 112
A105: EE0 | B105: Eesti | C105: 59 | E105: 56 | G105: 50 | I105: 47 | K105: 62 | M105: 60 | O105: 59 | Q105: 68 | S105: 68 | U105: 69 | W105: 69 | X105: b | Y105: 76 | AA105: 77 | AC105: 105 | AE105: 109 | AG105: 112
A106: EE00 | B106: Eesti | C106: 59 | E106: 56 | G106: 50 | I106: 47 | K106: 62 | M106: 60 | O106: 59 | Q106: 68 | S106: 68 | U106: 69 | W106: 69 | X106: b | Y106: 76 | AA106: 77 | AC106: 105 | AE106: 109 | AG106: 112
A107: IE | B107: Ireland | C107: : | D107: C | E107: 132 | G107: 129 | I107: 129 | K107: 132 | M107: : | N107: C | O107: : | P107: C | Q107: 134 | S107: 138 | U107: 141 | W107: 140 | Y107: 141 | AA107: 147 | AC107: 156 | AE107: : | AF107: C | AG107: : | AH107: C
A108: IE0 | B108: Ireland | C108: : | D108: C | E108: 132 | G108: 129 | I108: 129 | K108: 132 | M108: : | N108: C | O108: : | P108: C | Q108: 134 | S108: 138 | U108: 141 | W108: 140 | Y108: : | AA108: :
A109: IE04 | B109: Northern and Western | C109: : | E109: : | G109: : | I109: : | K109: : | M109: : | O109: : | Q109: : | S109: : | T109: C | U109: 22 | W109: : | X109: C | Y109: : | Z109: C | AA109: 22 | AC109: : | AD109: C | AE109: 25 | AG109: 27
A110: IE05 | B110: Southern | C110: : | E110: : | G110: : | I110: : | K110: : | M110: : | O110: : | Q110: : | S110: : | T110: C | U110: 41 | W110: : | X110: C | Y110: : | Z110: C | AA110: 44 | AC110: : | AD110: C | AE110: 47 | AG110: 46
A111: IE06 | B111: Eastern and Midland | C111: : | E111: : | G111: : | I111: : | K111: : | M111: : | O111: : | Q111: : | S111: 67 | U111: 73 | W111: 68 | Y111: 69 | AA111: 73 | AC111: 82 | AE111: 94 | AG111: 94
A112: IE01 | B112: Border, Midland and Western (NUTS 2013) | C112: : | D112: C | E112: 45 | G112: 45 | I112: 43 | K112: 44 | M112: : | N112: C | O112: : | P112: C | Q112: 44 | S112: : | U112: : | W112: : | Y112: : | AA112: :
A113: IE02 | B113: Southern and Eastern (NUTS 2013) | C113: : | D113: C | E113: 86 | G113: 83 | I113: 84 | K113: 86 | M113: : | N113: C | O113: : | P113: C | Q113: 86 | S113: : | U113: : | W113: : | Y113: : | AA113: :
A114: EL | B114: Greece | C114: 378 | E114: 349 | G114: 333 | I114: 322 | K114: 305 | M114: 204 | O114: 459 | Q114: 462 | S114: 428 | U114: 430 | W114: 448 | X114: b | Y114: 457 | AA114: 462 | AC114: 463 | AE114: 475 | AG114: 492
A115: EL1 | B115: Voreia Ellada (NUTS 2010) | C115: 164 | E115: 243 | G115: 234 | I115: : | J115: C | K115: 115 | M115: : | O115: : | Q115: : | S115: : | U115: : | W115: : | Y115: : | AA115: :
A116: EL11 | B116: Anatoliki Makedonia, Thraki (NUTS 2010) | C116: 14 | E116: 50 | G116: 48 | I116: : | J116: C | K116: 15 | M116: : | O116: : | Q116: : | S116: : | U116: : | W116: : | Y116: : | AA116: :
A117: EL12 | B117: Kentriki Makedonia (NUTS 2010) | C117: 108 | E117: 54 | G117: 52 | I117: : | J117: C | K117: 74 | M117: : | O117: : | Q117: : | S117: : | U117: : | W117: : | Y117: : | AA117: :
A118: EL13 | B118: Dytiki Makedonia (NUTS 2010) | C118: 8 | E118: : | G118: 0 | I118: : | J118: C | K118: 6 | M118: : | O118: : | Q118: : | S118: : | U118: : | W118: : | Y118: : | AA118: :
A119: EL14 | B119: Thessalia (NUTS 2010) | C119: 34 | E119: 139 | G119: 134 | I119: : | J119: C | K119: 20 | M119: : | O119: : | Q119: : | S119: : | U119: : | W119: : | Y119: : | AA119: :
...

Sheet Wages_Merged
A1: GEO code | B1: GEO label | C1: 2008 | D1: flag_2008 | E1: 2009 | F1: flag_2009 | G1: 2010 | H1: flag_2010 | I1: 2011 | J1: flag_2011 | K1: 2012 | L1: flag_2012 | M1: 2013 | N1: flag_2013 | O1: 2014 | P1: flag_2014 | Q1: 2015 | R1: flag_2015 | S1: 2016 | T1: flag_2016 | U1: 2017 | V1: flag_2017 | W1: 2018 | X1: flag_2018 | Y1: 2019 | Z1: flag_2019 | AA1: 2020 | AB1: flag_2020 | AC1: 2021 | AD1: flag_2021 | AE1: 2022 | AF1: flag_2022 | AG1: 2023 | AH1: flag_2023
A2: BE | B2: Belgium | C2: 1538.9 | E2: 1343.1 | G2: 1313.6 | I2: 1430 | K2: 1453 | M2: 1511 | O2: 1632.1 | Q2: 1267.8 | S2: 1232.2 | U2: 1299.7 | W2: 1388.7 | X2: b | Y2: 1418 | AA2: 1337.4 | AC2: 1341.38 | AE2: 1467.63 | AG2: 1592.89
A3: BE1 | B3: Région de Bruxelles-Capitale/Brussels Hoofdstedelijk Gewest | C3: : | D3: C | E3: 197.1 | G3: 169.7 | I3: 183.6 | K3: 203.2 | M3: 213.5 | O3: 190.1 | Q3: 190.5 | S3: 193.6 | U3: 213.7 | W3: 171.2 | X3: b | Y3: 188.7 | AA3: 190.4 | AC3: 194.55 | AE3: 225.84 | AG3: 226.73
A4: BE10 | B4: Région de Bruxelles-Capitale/Brussels Hoofdstedelijk Gewest | C4: : | D4: C | E4: 197.1 | G4: 169.7 | I4: 183.6 | K4: 203.2 | M4: 213.5 | O4: 190.1 | Q4: 190.5 | S4: 193.6 | U4: 213.7 | W4: 171.2 | X4: b | Y4: 188.7 | AA4: 190.4 | AC4: 194.55 | AE4: 225.84 | AG4: 226.73
A5: BE2 | B5: Vlaams Gewest | C5: : | D5: C | E5: 1053.5 | G5: 1048 | I5: 1146.3 | K5: 1167 | M5: 1207.8 | O5: 1353.1 | Q5: 1007.4 | S5: 963.7 | U5: 1002.8 | W5: 1136.9 | X5: b | Y5: 1146.6 | AA5: 1088.1 | AC5: : | AD5: C | AE5: 1184.2 | AG5: 1309.13
A6: BE21 | B6: Prov. Antwerpen | C6: 433.9 | E6: : | F6: C | G6: 285.3 | I6: 309 | K6: 334.8 | M6: 352.4 | O6: 311.8 | Q6: 283.3 | S6: 247.2 | U6: 250.9 | W6: 279.4 | X6: b | Y6: 297.4 | AA6: 241.8 | AC6: 238.41 | AE6: 278.81 | AG6: 300.56
A7: BE22 | B7: Prov. Limburg (BE) | C7: : | D7: C | E7: : | F7: C | G7: : | H7: C | I7: 281.9 | K7: 282.9 | M7: 303.3 | O7: 475.3 | Q7: 171.5 | S7: 159.7 | U7: 179.4 | W7: 181.6 | X7: b | Y7: 178.7 | AA7: 165.7 | AC7: : | AD7: C | AE7: 148.8 | AG7: 181.38
A8: BE23 | B8: Prov. Oost-Vlaanderen | C8: : | D8: C | E8: 272.6 | G8: 360.1 | I8: 405.2 | K8: 424.5 | M8: 429.1 | O8: 439.8 | Q8: 438.8 | S8: 443.7 | U8: 464.3 | W8: 533 | X8: b | Y8: 539.4 | AA8: 539.7 | AC8: 551.97 | AE8: 602.88 | AG8: 696.97
A9: BE24 | B9: Prov. Vlaams-Brabant | C9: : | D9: C | E9: 82.2 | G9: : | H9: C | I9: 67.5 | K9: 66.2 | M9: 66.1 | O9: 73.4 | Q9: 57.7 | S9: 62.3 | U9: 53.6 | W9: 56.5 | X9: b | Y9: 46.2 | AA9: 58.2 | AC9: 63.81 | AE9: 56.83 | AG9: 41.83
A10: BE25 | B10: Prov. West-Vlaanderen | C10: 71.9 | E10: 64.7 | G10: 56.4 | I10: 82.7 | K10: 58.6 | M10: 56.9 | O10: 52.9 | Q10: 56.1 | S10: 50.8 | U10: 54.6 | W10: 86.4 | X10: b | Y10: 84.9 | AA10: 82.7 | AC10: 94.64 | AE10: 96.87 | AG10: 88.39
A11: BE3 | B11: Région wallonne | C11: : | D11: C | E11: 92.1 | G11: 95.5 | I11: 100 | K11: 82.7 | M11: 89.3 | O11: 86.9 | Q11: 69.1 | S11: 74.6 | U11: 81.4 | W11: 77.7 | X11: b | Y11: 81.7 | AA11: 58.7 | AC11: : | AD11: C | AE11: 57.24 | AG11: 56.2
A12: BE31 | B12: Prov. Brabant wallon | C12: : | D12: C | E12: 0.4 | G12: : | H12: C | I12: 3.5 | K12: 4.4 | M12: 4.8 | O12: 4.2 | Q12: 3.2 | S12: 3 | U12: 4.2 | W12: : | X12: bC | Y12: : | Z12: C | AA12: 5.8 | AC12: 3.81 | AE12: 4.41 | AG12: 4.81
A13: BE32 | B13: Prov. Hainaut | C13: : | D13: C | E13: 30.7 | G13: : | H13: C | I13: : | J13: C | K13: 46.1 | M13: : | N13: C | O13: 51.8 | Q13: 7.3 | S13: 16.3 | U13: 18.3 | W13: : | X13: bC | Y13: : | Z13: C | AA13: 20.7 | AC13: 11.84 | AE13: 14.01 | AG13: : | AH13: C
A14: BE33 | B14: Prov. Liège | C14: : | D14: C | E14: 37.4 | G14: : | H14: C | I14: : | J14: C | K14: 18.8 | M14: 20.4 | O14: 18.6 | Q14: 45.5 | S14: 43.5 | U14: 45.9 | W14: 15.5 | X14: b | Y14: : | Z14: C | AA14: 18.4 | AC14: : | AD14: C | AE14: 24.61 | AG14: 28.51
A15: BE34 | B15: Prov. Luxembourg (BE) | C15: : | D15: C | E15: : | F15: C | G15: : | H15: C | I15: : | J15: C | K15: : | L15: C | M15: : | N15: C | O15: : | P15: C | Q15: 11.7 | S15: : | T15: C | U15: 11.9 | W15: : | X15: bC | Y15: 12.4 | AA15: : | AB15: C | AC15: 11 | AE15: 11.46 | AG15: : | AH15: C
A16: BE35 | B16: Prov. Namur | C16: 9.9 | E16: : | F16: C | G16: 1.5 | I16: 1.3 | K16: : | L16: C | M16: 0.9 | O16: : | P16: C | Q16: 1.4 | S16: : | T16: C | U16: 1.2 | W16: 1.1 | X16: b | Y16: 1.3 | AA16: : | AB16: C | AC16: 2.17 | AE16: 2.76 | AG16: : | AH16: C
A17: BG | B17: Bulgaria | C17: 32.9 | E17: 37.3 | G17: 41.7 | I17: 51.9 | K17: 54.8 | M17: 54.3 | O17: 78.3 | Q17: 101.4 | S17: 115 | U17: 135.8 | W17: 151.2 | X17: b | Y17: 163.3 | AA17: 198.7 | AC17: 230.86 | AE17: 249.56 | AG17: 288.85
A18: BG3 | B18: Severna i Yugoiztochna Bulgaria | C18: 18.3 | E18: 22.8 | G18: 26.4 | I18: 32.1 | K18: 31.5 | M18: 33.8 | O18: 50.7 | Q18: 69.3 | S18: 76.9 | U18: 88.8 | W18: 90 | X18: b | Y18: 83 | AA18: 92 | AC18: 98.78 | AE18: 115.09 | AG18: 137.19
A19: BG31 | B19: Severozapaden | C19: 0.2 | E19: 0.1 | G19: 0 | I19: 0.1 | K19: 0.1 | M19: 0.2 | O19: : | P19: C | Q19: 2.6 | S19: 1.8 | U19: : | V19: C | W19: : | X19: bC | Y19: 14.2 | AA19: 20.5 | AC19: 29.49 | AE19: 36.51 | AG19: 42.06
A20: BG32 | B20: Severen tsentralen | C20: 2.2 | E20: 2.5 | G20: 3.2 | I20: 4.8 | K20: 6.2 | M20: 6.4 | O20: 8.5 | Q20: 11.5 | S20: 14.8 | U20: 15.9 | W20: 17.2 | X20: b | Y20: 19.7 | AA20: 21.6 | AC20: 24.14 | AE20: 28.56 | AG20: 41.43
A21: BG33 | B21: Severoiztochen | C21: 1.1 | E21: 1.1 | G21: 1 | I21: 3.1 | K21: 2.9 | M21: 3.2 | O21: : | P21: C | Q21: 4.8 | S21: 3.6 | U21: : | V21: C | W21: : | X21: bC | Y21: 0.7 | AA21: 0.3 | AC21: 0.27 | AE21: 0.48 | AG21: 0.46
A22: BG34 | B22: Yugoiztochen | C22: 14.8 | E22: 19.1 | G22: 22.1 | I22: 24.2 | K22: 22.3 | M22: 24.1 | O22: 35.6 | Q22: 50.4 | S22: 56.7 | U22: 58.6 | W22: 58.7 | X22: b | Y22: 48.3 | AA22: 49.6 | AC22: 44.89 | AE22: 49.53 | AG22: 53.24
A23: BG4 | B23: Yugozapadna i Yuzhna tsentralna Bulgaria | C23: 14.6 | E23: 14.5 | G23: 15.3 | I23: 19.7 | K23: 23.3 | M23: 20.5 | O23: 27.6 | Q23: 32.1 | S23: 38.1 | U23: 47 | W23: 61.2 | X23: b | Y23: 80.4 | AA23: 106.7 | AC23: 132.08 | AE23: 134.47 | AG23: 151.66
A24: BG41 | B24: Yugozapaden | C24: 14 | E24: 13.6 | G24: 14.2 | I24: 18.2 | K24: 21.1 | M24: 17.7 | O24: 23.3 | Q24: 26.4 | S24: 30.7 | U24: 32.7 | W24: 31.9 | X24: b | Y24: 30.2 | AA24: 51.4 | AC24: 70.97 | AE24: 76.96 | AG24: 84.16
A25: BG42 | B25: Yuzhen tsentralen | C25: 0.5 | E25: 1 | G25: 1 | I25: 1.5 | K25: 2.2 | M25: 2.8 | O25: 4.3 | Q25: 5.7 | S25: 7.4 | U25: 14.3 | W25: 29.3 | X25: b | Y25: 50.1 | AA25: 55.3 | AC25: 61.11 | AE25: 57.51 | AG25: 67.5
A26: CZ | B26: Czechia | C26: 1883.3 | D26: p | E26: 1593.5 | G26: 1771.1 | I26: 2001.2 | K26: 1950.9 | M26: 1937.7 | O26: 1965.6 | Q26: 2188.8 | S26: 2420.6 | U26: 2790.9 | W26: 3193 | Y26: 3373.5 | AA26: 3190.2 | AC26: 3379.89 | AE26: 3815.9 | AG26: 4323.06
A27: CZ0 | B27: Česko | C27: 1883.3 | D27: p | E27: 1593.5 | G27: 1771.1 | I27: 2001.2 | K27: 1950.9 | M27: 1937.7 | O27: 1965.6 | Q27: 2188.8 | S27: 2420.6 | U27: 2790.9 | W27: 3193 | Y27: 3373.5 | AA27: 3190.2 | AC27: 3379.89 | AE27: 3815.9 | AG27: 4323.06
A28: CZ01 | B28: Praha | C28: 31.9 | D28: p | E28: 29 | G28: 20.2 | I28: 23.3 | K28: 21.5 | M28: 24.4 | O28: 12.5 | Q28: 31.1 | S28: 23.2 | U28: 48.2 | W28: 50.6 | Y28: 50.6 | AA28: 49.8 | AC28: 37.62 | AE28: 58.78 | AG28: 65.34
A29: CZ02 | B29: Střední Čechy | C29: 573.1 | D29: p | E29: 531.3 | G29: 576.8 | I29: 700.3 | K29: 679.1 | M29: 672.9 | O29: 686.2 | Q29: 741.4 | S29: 799.4 | U29: 894.1 | W29: 1045.4 | Y29: 1129 | AA29: 1092.7 | AC29: 1188.68 | AE29: 1377.52 | AG29: 1543.31
A30: CZ03 | B30: Jihozápad | C30: 266.1 | D30: p | E30: 205 | G30: 211.2 | I30: 236 | K30: 256.1 | M30: 249.9 | O30: 271.9 | Q30: 297.8 | S30: 332.7 | U30: 409.5 | W30: 453.2 | Y30: 464 | AA30: 420 | AC30: 471.2 | AE30: 491.5 | AG30: 545.27
A31: CZ04 | B31: Severozápad | C31: 115.9 | D31: p | E31: 97.1 | G31: 107.8 | I31: 126.7 | K31: 125.6 | M31: 132.5 | O31: 128.2 | Q31: 149.3 | S31: 175.5 | U31: 190.4 | W31: 209.3 | Y31: 221.1 | AA31: 203.5 | AC31: 190.49 | AE31: 216.77 | AG31: 246.87
A32: CZ05 | B32: Severovýchod | C32: 394 | D32: p | E32: 325.6 | G32: 421.7 | I32: 413.5 | K32: 390 | M32: 384.4 | O32: 399 | Q32: 446.1 | S32: 503.6 | U32: 605.1 | W32: 712.9 | Y32: 765.4 | AA32: 725.3 | AC32: 757.14 | AE32: 818.8 | AG32: 922.07
A33: CZ06 | B33: Jihovýchod | C33: 206.4 | D33: p | E33: 161.8 | G33: 169.3 | I33: 186.4 | K33: 174.6 | M33: 178.6 | O33: 174.7 | Q33: 185.2 | S33: 197.2 | U33: 209.5 | W33: 233.4 | Y33: 235.7 | AA33: 223.6 | AC33: 253.91 | AE33: 278.86 | AG33: 309.7
A34: CZ07 | B34: Střední Morava | C34: 78.1 | D34: p | E34: 55.2 | G34: 56.9 | I34: 74.9 | K34: 74.1 | M34: 69.7 | O34: 70.8 | Q34: 78.4 | S34: 90.4 | U34: 96 | W34: 97.5 | Y34: 101.7 | AA34: 93.1 | AC34: 96.23 | AE34: 117.7 | AG34: 134.44
A35: CZ08 | B35: Moravskoslezsko | C35: 217.7 | D35: p | E35: 188.4 | G35: 207.1 | I35: 240.1 | K35: 229.9 | M35: 225.2 | O35: 222.3 | Q35: 259.5 | S35: 298.7 | U35: 338.1 | W35: 390.7 | Y35: 406.1 | AA35: 382.2 | AC35: 384.63 | AE35: 455.97 | AG35: 556.07
A36: CZZ | B36: Extra-Regio NUTS 1 | C36: 0 | D36: p | E36: 0 | G36: 0 | I36: 0 | K36: 0 | M36: : | O36: : | Q36: : | S36: : | U36: 0 | W36: 0 | Y36: : | AA36: : | AC36: 0 | AE36: 0 | AG36: 0
A37: CZZZ | B37: Extra-Regio NUTS 2 | C37: 0 | D37: p | E37: 0 | G37: 0 | I37: 0 | K37: 0 | M37: : | O37: : | Q37: : | S37: : | U37: 0 | W37: 0 | Y37: : | AA37: : | AC37: 0 | AE37: 0 | AG37: 0
A38: DK | B38: Denmark | C38: 291 | E38: 211.3 | G38: 215.9 | I38: 235.2 | K38: 207.6 | M38: 187.4 | O38: 193.7 | Q38: 202.1 | S38: 214.7 | U38: 228.5 | W38: 233 | Y38: 218 | AA38: 192.4 | AC38: 204.49 | AE38: 220.93 | AG38: 246.96
A39: DK0 | B39: Danmark | C39: 291 | E39: 211.3 | G39: 215.9 | I39: 235.2 | K39: 207.6 | M39: 187.4 | O39: 193.7 | Q39: 202.1 | S39: 214.7 | U39: 228.5 | W39: 233 | Y39: 218 | AA39: 192.4 | AC39: 204.49 | AE39: 220.93 | AG39: 246.96
A40: DK01 | B40: Hovedstaden | C40: 8.6 | E40: 5.7 | G40: 5.9 | I40: : | J40: C | K40: : | L40: C | M40: : | N40: C | O40: : | P40: C | Q40: : | R40: C | S40: 15.5 | U40: : | V40: C | W40: : | X40: C | Y40: 20.1 | AA40: 15.5 | AC40: 16.37 | AE40: 15.02 | AG40: 13.82
A41: DK02 | B41: Sjælland | C41: 19.9 | E41: 16.2 | G41: 15.5 | I41: : | J41: C | K41: : | L41: C | M41: : | N41: C | O41: : | P41: C | Q41: : | R41: C | S41: 21.2 | U41: : | V41: C | W41: : | X41: C | Y41: : | Z41: C | AA41: 24.1 | AC41: 22.52 | AE41: 30.36 | AG41: 35.64
A42: DK03 | B42: Syddanmark | C42: 96.2 | E42: 75 | G42: 77.2 | I42: 85.1 | K42: 84.4 | M42: 67.9 | O42: 67.1 | Q42: 71.2 | S42: 75.1 | U42: 80.8 | W42: 84.8 | Y42: 77.9 | AA42: 72.5 | AC42: 80.06 | AE42: 82.11 | AG42: 86.64
A43: DK04 | B43: Midtjylland | C43: 135.3 | E43: 88.3 | G43: 89.3 | I43: 96.1 | K43: 71.5 | M43: 65.6 | O43: 66.1 | Q43: 71.5 | S43: 76.8 | U43: 83.1 | W43: 80.9 | Y43: 68.7 | AA43: 57.9 | AC43: 59.09 | AE43: 65.28 | AG43: 81.68
A44: DK05 | B44: Nordjylland | C44: 30.9 | E44: 26.1 | G44: 28.1 | I44: 28.5 | K44: 22 | M44: 27 | O44: 29.8 | Q44: 26 | S44: 26 | U44: 24.2 | W44: 22.4 | Y44: : | Z44: C | AA44: 22.3 | AC44: 26.44 | AE44: 28.16 | AG44: 29.18
A45: DE | B45: Germany | C45: 38517.2 | E45: 34963 | F45: d | G45: 39473 | I45: 43258.5 | K45: 46234.1 | M45: 48884.7 | O45: 51819.3 | Q45: 54832.4 | S45: 56319.6 | U45: 58015.4 | W45: 61241 | Y45: 62170.8 | AA45: 56930.4 | AC45: 54313.7 | AE45: 63578.19 | AG45: 66707.79
A46: DE1 | B46: Baden-Württemberg | C46: 11377.4 | E46: 9984.4 | F46: d | G46: 11248 | I46: 12394.6 | K46: 13185 | M46: 13775.8 | O46: 14428.6 | Q46: 15270.6 | S46: 15858.1 | U46: 16489.4 | W46: 17561.5 | Y46: 17941.5 | AA46: 15931.7 | AC46: 15264.74 | AE46: 18241.35 | AG46: 19158.87
A47: DE11 | B47: Stuttgart | C47: 7823.1 | E47: 7003.9 | F47: d | G47: 7803.2 | I47: 8591.5 | K47: 9200 | M47: 9552.2 | O47: 10070.8 | Q47: 10780.9 | S47: 11205.7 | U47: 11836.1 | W47: 12690.1 | Y47: 12817.2 | AA47: 11359.5 | AC47: 10715.84 | AE47: 13132.82 | AG47: 13794.42
A48: DE12 | B48: Karlsruhe | C48: 2145.4 | E48: 1757.4 | F48: d | G48: 2066.3 | I48: 2247.1 | K48: 2318.7 | M48: 2417.3 | O48: 2512.2 | Q48: 2535.1 | S48: 2570.8 | U48: 2675.2 | W48: 2769.1 | Y48: 2935.7 | AA48: 2593.2 | AC48: 2662.29 | AE48: 2931.66 | AG48: 2992.67
A49: DE13 | B49: Freiburg | C49: 314.6 | E49: 275.2 | F49: d | G49: 353.6 | I49: 396.3 | K49: 424.9 | M49: 428.7 | O49: 458.7 | Q49: 486.9 | S49: 534.7 | U49: 564.6 | W49: 591 | Y49: 603 | AA49: 544.4 | AC49: 559.97 | AE49: 567.4 | AG49: 584.69
A50: DE14 | B50: Tübingen | C50: 1094.2 | E50: 947.9 | F50: d | G50: 1024.9 | I50: 1159.7 | K50: 1241.5 | M50: 1377.7 | O50: 1386.8 | Q50: 1467.8 | S50: 1546.9 | U50: 1413.4 | W50: 1511.3 | Y50: 1585.6 | AA50: 1434.7 | AC50: 1326.65 | AE50: 1609.47 | AG50: 1787.07
A51: DE2 | B51: Bayern | C51: 9829.7 | E51: 8866.2 | F51: d | G51: 10131.9 | I51: 11115.2 | K51: 11531.4 | M51: 12642.2 | O51: 13565.9 | Q51: 14713.9 | S51: 15397.9 | U51: 15974.6 | W51: 16794.2 | Y51: 17108.5 | AA51: 16172.8 | AC51: 14104.22 | AE51: 18070.49 | AG51: 19050.44
A52: DE21 | B52: Oberbayern | C52: 5236 | E52: 4863.7 | F52: d | G52: 5403 | I52: 6036.4 | K52: 6286.2 | M52: 7217.4 | O52: 7801.7 | Q52: 8560.7 | S52: 9053.6 | U52: 9301.6 | W52: 9904.9 | Y52: 10181.5 | AA52: 9729.1 | AC52: 7932.35 | AE52: 10857.1 | AG52: 11532.66
A53: DE22 | B53: Niederbayern | C53: 1699.5 | E53: 1442 | F53: d | G53: 1746.2 | I53: 1856.4 | K53: 1899.6 | M53: 1988.9 | O53: 2097.7 | Q53: 2246 | S53: 2291.8 | U53: 2343.3 | W53: 2431.8 | Y53: 2447.6 | AA53: 2255.1 | AC53: 2012.72 | AE53: 2650.01 | AG53: 2825.54
A54: DE23 | B54: Oberpfalz | C54: 900.6 | E54: 789.9 | F54: d | G54: 863.8 | I54: 917.6 | K54: 923.5 | M54: 937.8 | O54: 1033.9 | Q54: 1107.9 | S54: 1160.7 | U54: 1192.7 | W54: 1245 | Y54: 1237 | AA54: 1077.1 | AC54: 1035.8 | AE54: 1188.12 | AG54: 1282.53
A55: DE24 | B55: Oberfranken | C55: 124 | E55: 114.3 | F55: d | G55: 134.7 | I55: 141.7 | K55: 183.5 | M55: 184 | O55: 196.6 | Q55: 215.9 | S55: 255.6 | U55: 282.9 | W55: 319.8 | Y55: 335.3 | AA55: 325.9 | AC55: 446.27 | AE55: 505.08 | AG55: 485.27
A56: DE25 | B56: Mittelfranken | C56: 430.4 | E56: 376.7 | F56: d | G56: 457.3 | I56: 514.4 | K56: 540.4 | M56: 573.9 | O56: 597.8 | Q56: 684.3 | S56: 686.3 | U56: 692.9 | W56: 711.3 | Y56: 692.9 | AA56: 625.9 | AC56: 491.89 | AE56: 500.94 | AG56: 476.59
A57: DE26 | B57: Unterfranken | C57: : | D57: C | E57: 725.6 | F57: d | G57: 862.6 | I57: 949.3 | K57: 981.4 | M57: 1010.3 | O57: 1071.4 | Q57: 1107.8 | S57: 1128.1 | U57: 1266 | W57: 1254.3 | Y57: 1253.3 | AA57: 1137.2 | AC57: 1154.41 | AE57: 1282.29 | AG57: 1290.02
A58: DE27 | B58: Schwaben | C58: : | D58: C | E58: 554 | F58: d | G58: 664.2 | I58: 699.4 | K58: 716.8 | M58: 729.9 | O58: 766.7 | Q58: 791.3 | S58: 821.8 | U58: 895.1 | W58: 927.1 | Y58: 960.8 | AA58: 1022.6 | AC58: 1030.78 | AE58: 1086.97 | AG58: 1157.82
A59: DE3 | B59: Berlin | C59: 202.3 | E59: : | F59: dC | G59: 205.2 | I59: 223.4 | K59: 224.2 | M59: 218.5 | O59: 221.8 | Q59: 235.5 | S59: 243.5 | U59: 250.3 | W59: 257.5 | Y59: 248.6 | AA59: : | AB59: C | AC59: 191.49 | AE59: 252.03 | AG59: 267.95
A60: DE30 | B60: Berlin | C60: 202.3 | E60: : | F60: dC | G60: 205.2 | I60: 223.4 | K60: 224.2 | M60: 218.5 | O60: 221.8 | Q60: 235.5 | S60: 243.5 | U60: 250.3 | W60: 257.5 | Y60: 248.6 | AA60: : | AB60: C | AC60: 191.49 | AE60: 252.03 | AG60: 267.95
A61: DE4 | B61: Brandenburg | C61: 202.7 | E61: 189.8 | F61: d | G61: 239.1 | I61: 259.6 | K61: 277.1 | M61: 278.8 | O61: 286.7 | Q61: 310.2 | S61: 326.5 | U61: 359.9 | W61: 375.2 | Y61: 381.9 | AA61: 350.2 | AC61: 490.81 | AE61: 709.07 | AG61: 1001.63
A62: DE40 | B62: Brandenburg | C62: : | E62: : | G62: : | I62: 259.6 | K62: 277.1 | M62: 278.8 | O62: 286.7 | Q62: 310.2 | S62: 326.5 | U62: 359.9 | W62: 375.2 | Y62: 381.9 | AA62: 350.2 | AC62: 490.81 | AE62: 709.07 | AG62: 1001.63
A63: DE41 | B63: Brandenburg - Nordost (NUTS 2006) | C63: 18 | E63: 16.9 | F63: d | G63: 23.1 | I63: : | K63: : | M63: : | O63: : | Q63: : | S63: : | U63: : | W63: : | X63: b | Y63: : | AA63: :
A64: DE42 | B64: Brandenburg - Südwest (NUTS 2006) | C64: 184.8 | E64: 172.9 | F64: d | G64: 216 | I64: : | K64: : | M64: : | O64: : | Q64: : | S64: : | U64: : | W64: : | X64: b | Y64: : | AA64: :
A65: DE5 | B65: Bremen | C65: : | D65: C | E65: : | F65: dC | G65: : | H65: C | I65: : | J65: C | K65: : | L65: C | M65: : | N65: C | O65: : | P65: C | Q65: : | R65: C | S65: : | T65: C | U65: 1110.3 | W65: 1137.2 | Y65: 1090.5 | AA65: : | AB65: C | AC65: 956.27 | AE65: 1075.47 | AG65: 1103.17
A66: DE50 | B66: Bremen | C66: : | D66: C | E66: : | F66: dC | G66: : | H66: C | I66: : | J66: C | K66: : | L66: C | M66: : | N66: C | O66: : | P66: C | Q66: : | R66: C | S66: : | T66: C | U66: 1110.3 | W66: 1137.2 | Y66: 1090.5 | AA66: : | AB66: C | AC66: 956.27 | AE66: 1075.47 | AG66: 1103.17
A67: DE6 | B67: Hamburg | C67: : | D67: C | E67: : | F67: dC | G67: : | H67: C | I67: : | J67: C | K67: : | L67: C | M67: : | N67: C | O67: : | P67: C | Q67: : | R67: C | S67: : | T67: C | U67: : | V67: C | W67: : | X67: C | Y67: : | Z67: C | AA67: : | AB67: C | AC67: : | AD67: C | AE67: : | AF67: C | AG67: : | AH67: C
A68: DE60 | B68: Hamburg | C68: : | D68: C | E68: : | F68: dC | G68: : | H68: C | I68: : | J68: C | K68: : | L68: C | M68: : | N68: C | O68: : | P68: C | Q68: : | R68: C | S68: : | T68: C | U68: : | V68: C | W68: : | X68: C | Y68: : | Z68: C | AA68: : | AB68: C | AC68: : | AD68: C | AE68: : | AF68: C | AG68: : | AH68: C
A69: DE7 | B69: Hessen | C69: 2433.4 | E69: 2312.7 | F69: d | G69: 2541.4 | I69: 2727 | K69: 2950.7 | M69: 3065 | O69: 3238.4 | Q69: 3447.3 | S69: 3476.7 | U69: 3602.4 | W69: 3680.7 | Y69: 3627.3 | AA69: 3086.6 | AC69: 3115.12 | AE69: 3406.52 | AG69: 3466.46
A70: DE71 | B70: Darmstadt | C70: 1416.1 | E70: 1315.2 | F70: d | G70: 1462.2 | I70: 1528.7 | K70: 1620.8 | M70: 1680.8 | O70: 1784.7 | Q70: 1918.9 | S70: 1969.4 | U70: 2061 | W70: 2031.7 | Y70: 1946.5 | AA70: 1589.1 | AC70: 1531.29 | AE70: 1750.9 | AG70: 1655.16
A71: DE72 | B71: Gießen | C71: 87.5 | E71: 84.1 | F71: d | G71: 101.4 | I71: : | J71: C | K71: : | L71: C | M71: : | N71: C | O71: : | P71: C | Q71: : | R71: C | S71: : | T71: C | U71: : | V71: C | W71: : | X71: C | Y71: : | Z71: C | AA71: : | AB71: C | AC71: 98.65 | AE71: 107.19 | AG71: 111.61
A72: DE73 | B72: Kassel | C72: 929.9 | E72: 913.5 | F72: d | G72: 977.8 | I72: : | J72: C | K72: : | L72: C | M72: : | N72: C | O72: : | P72: C | Q72: : | R72: C | S72: : | T72: C | U72: : | V72: C | W72: : | X72: C | Y72: : | Z72: C | AA72: : | AB72: C | AC72: 1485.18 | AE72: 1548.44 | AG72: 1699.69
A73: DE8 | B73: Mecklenburg-Vorpommern | C73: 58.9 | E73: 51.2 | F73: d | G73: 62.5 | I73: 73.7 | K73: 61.8 | M73: 85.2 | O73: 88.5 | Q73: 88.2 | S73: 93.2 | U73: 98.8 | W73: 141.6 | Y73: 148.6 | AA73: : | AB73: C | AC73: : | AD73: C | AE73: 143.08 | AG73: : | AH73: C
A74: DE80 | B74: Mecklenburg-Vorpommern | C74: 58.9 | E74: 51.2 | F74: d | G74: 62.5 | I74: 73.7 | K74: 61.8 | M74: 85.2 | O74: 88.5 | Q74: 88.2 | S74: 93.2 | U74: 98.8 | W74: 141.6 | Y74: 148.6 | AA74: : | AB74: C | AC74: : | AD74: C | AE74: 143.08 | AG74: : | AH74: C
A75: DE9 | B75: Niedersachsen | C75: : | D75: C | E75: : | F75: dC | G75: : | H75: C | I75: : | J75: C | K75: : | L75: C | M75: : | N75: C | O75: : | P75: C | Q75: : | R75: C | S75: : | T75: C | U75: : | V75: C | W75: : | X75: C | Y75: : | Z75: C | AA75: : | AB75: C | AC75: 9464.52 | AE75: 10206.31 | AG75: 10792.21
A76: DE91 | B76: Braunschweig | C76: : | D76: C | E76: : | F76: dC | G76: : | H76: C | I76: : | J76: C | K76: : | L76: C | M76: : | N76: C | O76: : | P76: C | Q76: : | R76: C | S76: 6168 | U76: : | V76: C | W76: : | X76: C | Y76: : | Z76: C | AA76: : | AB76: C | AC76: 6529.37 | AE76: 7030.39 | AG76: 7465.44
A77: DE92 | B77: Hannover | C77: : | D77: C | E77: : | F77: dC | G77: : | H77: C | I77: : | J77: C | K77: : | L77: C | M77: : | N77: C | O77: : | P77: C | Q77: : | R77: C | S77: : | T77: C | U77: : | V77: C | W77: : | X77: C | Y77: : | Z77: C | AA77: : | AB77: C | AC77: 1519.61 | AE77: 1685.8 | AG77: 1770.08
A78: DE93 | B78: Lüneburg | C78: : | D78: C | E78: : | F78: dC | G78: : | H78: C | I78: : | J78: C | K78: : | L78: C | M78: : | N78: C | O78: : | P78: C | Q78: : | R78: C | S78: 138.5 | U78: : | V78: C | W78: : | X78: C | Y78: : | Z78: C | AA78: : | AB78: C | AC78: 153.56 | AE78: 164.92 | AG78: 164.96
A79: DE94 | B79: Weser-Ems | C79: 809.3 | E79: 703.1 | F79: d | G79: 757.4 | I79: 834 | K79: 926 | M79: 967.9 | O79: 1081.9 | Q79: 1165.2 | S79: 1145 | U79: 1171.8 | W79: 1253.7 | Y79: 1264.8 | AA79: 1174.9 | AC79: 1261.98 | AE79: 1325.19 | AG79: 1391.74
A80: DEA | B80: Nordrhein-Westfalen | C80: 4084.7 | E80: 3535 | F80: d | G80: 4248 | I80: 4512.5 | K80: 4697.8 | M80: 4795.8 | O80: 4943.2 | Q80: 5007.6 | S80: 5122.8 | U80: 5241.6 | W80: 5514.6 | Y80: 5487.2 | AA80: 4831.6 | AC80: 4554.03 | AE80: 5066.07 | AG80: 4962.41
A81: DEA1 | B81: Düsseldorf | C81: 871.3 | E81: 707.2 | F81: d | G81: 839.1 | I81: 893.2 | K81: 945.2 | M81: 966.6 | O81: 970.5 | Q81: 1035.2 | S81: 1024.4 | U81: 1043.7 | W81: 1159.4 | Y81: 1143.3 | AA81: 1003.1 | AC81: 1015.43 | AE81: 1078.19 | AG81: 1078.23
A82: DEA2 | B82: Köln | C82: 1546.3 | E82: 1415.4 | F82: d | G82: 1644 | I82: 1776.8 | K82: 1889.6 | M82: 1942.8 | O82: 2051.6 | Q82: 2210.1 | S82: 2276.5 | U82: 2308 | W82: 2409.4 | Y82: 2367.8 | AA82: 2019.7 | AC82: 1678.6 | AE82: 1927.27 | AG82: 1826.67
A83: DEA3 | B83: Münster | C83: 302.9 | E83: 229.2 | F83: d | G83: 277.7 | I83: 290.3 | K83: 301.8 | M83: 303.3 | O83: 314.7 | Q83: : | R83: C | S83: 369 | U83: 385.7 | W83: 407.5 | Y83: 418.5 | AA83: : | AB83: C | AC83: 415.73 | AE83: 459.29 | AG83: 495.72
A84: DEA4 | B84: Detmold | C84: 475.5 | E84: 418.5 | F84: d | G84: 581.8 | I84: 640.7 | K84: 625.3 | M84: 627.5 | O84: 630.2 | Q84: 657.5 | S84: 667.6 | U84: 694.6 | W84: 737.2 | Y84: 749.8 | AA84: 655.4 | AC84: 694.12 | AE84: 779.29 | AG84: 796.59
A85: DEA5 | B85: Arnsberg | C85: 888.7 | E85: 764.7 | F85: d | G85: 905.5 | I85: 911.6 | K85: 935.9 | M85: 955.7 | O85: 976.3 | Q85: : | R85: C | S85: 785.2 | U85: 809.6 | W85: 801.1 | Y85: 807.9 | AA85: : | AB85: C | AC85: 750.16 | AE85: 822.03 | AG85: 765.2
A86: DEB | B86: Rheinland-Pfalz | C86: 1256 | E86: 1148.6 | F86: d | G86: 1234 | I86: 1332.2 | K86: 1396.5 | M86: 1345.5 | O86: 1383.1 | Q86: 1469.6 | S86: 1474.6 | U86: 1357.7 | W86: 1397 | Y86: 1418.3 | AA86: 1263.1 | AC86: 1511.59 | AE86: 1603.66 | AG86: 1621.24
A87: DEB1 | B87: Koblenz | C87: 206.4 | E87: 185 | F87: d | G87: 227.6 | I87: 241.2 | K87: 266.5 | M87: 245.1 | O87: 253.2 | Q87: 268.5 | S87: 261.2 | U87: 268.3 | W87: 285 | Y87: 294 | AA87: 259.2 | AC87: 412.85 | AE87: 422.81 | AG87: 416.88
A88: DEB2 | B88: Trier | C88: 54.4 | E88: 52.1 | F88: d | G88: 65.9 | I88: 70.6 | K88: 73.3 | M88: 74.5 | O88: 82.6 | Q88: 94 | S88: 102 | U88: 113.4 | W88: 102.6 | Y88: 96 | AA88: 72.7 | AC88: 71.77 | AE88: 72.97 | AG88: 82.46
A89: DEB3 | B89: Rheinhessen-Pfalz | C89: 995.1 | E89: 911.5 | F89: d | G89: 940.5 | I89: 1020.4 | K89: 1056.7 | M89: 1025.9 | O89: 1047.2 | Q89: 1107.2 | S89: 1111.4 | U89: 976 | W89: 1009.5 | Y89: 1028.3 | AA89: 931.2 | AC89: 1026.98 | AE89: 1107.88 | AG89: 1121.91
A90: DEC | B90: Saarland | C90: 1084.5 | E90: 909.3 | F90: d | G90: 802.4 | I90: 910 | K90: 999 | M90: 1063.4 | O90: 1115.8 | Q90: 1056.2 | S90: 1080.1 | U90: 1081.8 | W90: 1076.5 | Y90: 1030.7 | AA90: 940.5 | AC90: 1026.92 | AE90: 1025.18 | AG90: 1113.52
A91: DEC0 | B91: Saarland | C91: 1084.5 | E91: 909.3 | F91: d | G91: 802.4 | I91: 910 | K91: 999 | M91: 1063.4 | O91: 1115.8 | Q91: 1056.2 | S91: 1080.1 | U91: 1081.8 | W91: 1076.5 | Y91: 1030.7 | AA91: 940.5 | AC91: 1026.92 | AE91: 1025.18 | AG91: 1113.52
A92: DED | B92: Sachsen | C92: 819.2 | E92: 797 | F92: d | G92: 1050 | I92: 1172.8 | K92: 1338 | M92: 1520 | O92: 1778.9 | Q92: 1900.1 | S92: 2009.1 | U92: 2055.9 | W92: 2164.1 | Y92: 2241.9 | AA92: 2108.4 | AC92: 2194.2 | AE92: 2471.42 | AG92: 2724.88
A93: DED1 | B93: Chemnitz (NUTS 2006) | C93: 561.1 | E93: 546.4 | F93: d | G93: 745.6 | I93: : | K93: : | M93: : | O93: : | Q93: : | S93: : | U93: : | W93: : | X93: b | Y93: : | AA93: :
A94: DED2 | B94: Dresden | C94: 65.2 | E94: 57.9 | F94: d | G94: 81.2 | I94: 92.4 | K94: 101 | M94: 103.6 | O94: 113.2 | Q94: 121.7 | S94: 119.4 | U94: 132.5 | W94: 138.4 | Y94: 159.3 | AA94: 167.5 | AC94: 180.98 | AE94: 197.31 | AG94: 232.36
A95: DED3 | B95: Leipzig (NUTS 2006) | C95: 193 | E95: 192.8 | F95: d | G95: 223.2 | I95: : | K95: : | M95: : | O95: : | Q95: : | S95: : | U95: : | W95: : | X95: b | Y95: : | AA95: :
A96: DED4 | B96: Chemnitz | C96: : | E96: : | G96: : | I96: 842.1 | K96: 949.4 | M96: 1064.1 | O96: 1195 | Q96: 1187 | S96: 1228.4 | U96: 1210.8 | W96: 1261.6 | Y96: 1301.8 | AA96: 1213.2 | AC96: 1250.56 | AE96: 1432.53 | AG96: 1568.18
A97: DED5 | B97: Leipzig | C97: : | E97: : | G97: : | I97: 238.4 | K97: 287.5 | M97: 352.3 | O97: 470.8 | Q97: 591.4 | S97: 661.3 | U97: 712.7 | W97: 764 | Y97: 780.7 | AA97: 727.7 | AC97: 762.66 | AE97: 841.57 | AG97: 924.34
A98: DEE | B98: Sachsen-Anhalt | C98: 72.1 | E98: : | F98: dC | G98: 79.4 | I98: 121.8 | K98: 128.9 | M98: 137 | O98: 113.9 | Q98: 116.8 | S98: 126.5 | U98: 137.7 | W98: 151.5 | Y98: 167.6 | AA98: 169.5 | AC98: 180.98 | AE98: 175.34 | AG98: 208.07
A99: DEE0 | B99: Sachsen-Anhalt | C99: 72.1 | E99: : | F99: dC | G99: 79.4 | I99: 121.8 | K99: 128.9 | M99: 137 | O99: 113.9 | Q99: 116.8 | S99: 126.5 | U99: 137.7 | W99: 151.5 | Y99: 167.6 | AA99: 169.5 | AC99: 180.98 | AE99: 175.34 | AG99: 208.07
A100: DEF | B100: Schleswig-Holstein | C100: 178.6 | E100: 166.4 | F100: d | G100: 197.6 | I100: 204.6 | K100: 206.6 | M100: 215.8 | O100: 237.4 | Q100: 232.6 | S100: 215.6 | U100: 235.5 | W100: 246.3 | Y100: 243.3 | AA100: 227.5 | AC100: 218.27 | AE100: : | AF100: C | AG100: 168.97
...
