Workbook

Sheet Summary
A6: Enterprises by NUTS 2 region and NACE Rev.2 activity [sbs_r_nuts2021__custom_21203869]
A7: Open product page | B7: Open in Data Browser
A8: Description: | B8: -
A10: Last update of data: | D10: 09/02/2026 23:00
A11: Last change of data structure: | D11: 01/09/2025 23:00
B13: Institutional source(s)
C14: Eurostat
B15: Contents | C15: Time frequency [FREQ] | D15: Statistical classification of economic activities in the European Community (NACE Rev. 2) [NACE_R2] | E15: Economic indicator for structural business statistics [INDIC_SBS]
B16: Sheet 1 | C16: Annual [A] | D16: Manufacture of motor vehicles, trailers and semi-trailers [C29] | E16: Persons employed per local unit - number [EMP_PLOC_NR]
B17: Sheet 2 | C17: Annual [A] | D17: Manufacture of motor vehicles, trailers and semi-trailers [C29] | E17: Local units - number [LOC_NR]
B18: Sheet 3 | C18: Annual [A] | D18: Manufacture of motor vehicles, trailers and semi-trailers [C29] | E18: Wages and salaries in local units - million euro [WAGE_LOC_MEUR]

Sheet Sheet 1
A1: Data extracted on 28/04/2026 09:07:09 from [ESTAT]
A2: Dataset: | B2: Enterprises by NUTS 2 region and NACE Rev.2 activity [sbs_r_nuts2021__custom_21203869]
A3: Last updated: | B3: 09/02/2026 23:00
A5: Time frequency [FREQ] | C5: Annual [A]
A6: Statistical classification of economic activities in the European Community (NACE Rev. 2) [NACE_R2] | C6: Manufacture of motor vehicles, trailers and semi-trailers [C29]
A7: Economic indicator for structural business statistics [INDIC_SBS] | C7: Persons employed per local unit - number [EMP_PLOC_NR]
A9: TIME | B9: TIME | C9: 2021 | E9: 2022 | G9: 2023
A10: GEO (Codes) | B10: GEO (Labels)
A11: BE | B11: Belgium | C11: 87 | E11: 57 | G11: 61
A12: BE1 | B12: Région de Bruxelles-Capitale/Brussels Hoofdstedelijk Gewest | C12: 210 | E12: 144 | G12: 144
A13: BE10 | B13: Région de Bruxelles-Capitale/Brussels Hoofdstedelijk Gewest | C13: 210 | E13: 144 | G13: 144
A14: BE2 | B14: Vlaams Gewest | C14: : | D14: C | E14: 64 | G14: 70
A15: BE21 | B15: Prov. Antwerpen | C15: 110 | E15: 64 | G15: 76
A16: BE22 | B16: Prov. Limburg (BE) | C16: : | D16: C | E16: 43 | G16: 47
A17: BE23 | B17: Prov. Oost-Vlaanderen | C17: 206 | E17: 143 | G17: 160
A18: BE24 | B18: Prov. Vlaams-Brabant | C18: 60 | E18: 31 | G18: 24
A19: BE25 | B19: Prov. West-Vlaanderen | C19: 37 | E19: 24 | G19: 24
A20: BE3 | B20: Région wallonne | C20: : | D20: C | E20: 12 | G20: 12
A21: BE31 | B21: Prov. Brabant wallon | C21: 36 | E21: 11 | G21: 18
A22: BE32 | B22: Prov. Hainaut | C22: 14 | E22: 10 | G22: : | H22: C
A23: BE33 | B23: Prov. Liège | C23: : | D23: C | E23: 13 | G23: 13
A24: BE34 | B24: Prov. Luxembourg (BE) | C24: 58 | E24: 77 | G24: : | H24: C
A25: BE35 | B25: Prov. Namur | C25: 6 | E25: 4 | G25: : | H25: C
A26: BEZ | B26: Extra-Regio NUTS 1 | C26: : | D26: C | E26: 3 | G26: 4
A27: BEZZ | B27: Extra-Regio NUTS 2 | C27: : | D27: C | E27: 3 | G27: 4
A28: BG | B28: Bulgaria | C28: 169 | E28: 163 | G28: 160
A29: BG3 | B29: Severna i Yugoiztochna Bulgaria | C29: 158 | E29: 149 | G29: 156
A30: BG31 | B30: Severozapaden | C30: 219 | E30: 244 | G30: 277
A31: BG32 | B31: Severen tsentralen | C31: 107 | E31: 101 | G31: 116
A32: BG33 | B32: Severoiztochen | C32: 4 | E32: 7 | G32: 5
A33: BG34 | B33: Yugoiztochen | C33: 244 | E33: 199 | G33: 191
A34: BG4 | B34: Yugozapadna i Yuzhna tsentralna Bulgaria | C34: 181 | E34: 181 | G34: 165
A35: BG41 | B35: Yugozapaden | C35: 176 | E35: 187 | G35: 176
A36: BG42 | B36: Yuzhen tsentralen | C36: 185 | E36: 175 | G36: 155
A37: CZ | B37: Czechia | C37: 126 | E37: 125 | G37: 127
A38: CZ0 | B38: Česko | C38: 126 | E38: 125 | G38: 127
A39: CZ01 | B39: Praha | C39: 12 | E39: 19 | G39: 16
... A46: CZ08 | B46: Moravskoslezsko | C46: 196 | E46: 186 | G46: 194
A47: CZZ | B47: Extra-Regio NUTS 1 | C47: : | E47: : | G47: :
A48: CZZZ | B48: Extra-Regio NUTS 2 | C48: : | E48: : | G48: :
A49: DK | B49: Denmark | C49: 23 | E49: 24 | G49: 25
A50: DK0 | B50: Danmark | C50: 23 | E50: 24 | G50: 25
A51: DK01 | B51: Hovedstaden | C51: 12 | E51: 11 | G51: 11
A52: DK02 | B52: Sjælland | C52: 23 | E52: 26 | G52: 29
A53: DK03 | B53: Syddanmark | C53: 25 | E53: 25 | G53: 24
A54: DK04 | B54: Midtjylland | C54: 22 | E54: 23 | G54: 29
A55: DK05 | B55: Nordjylland | C55: 38 | E55: 34 | G55: 36
A56: DKZ | B56: Extra-Regio NUTS 1 | C56: : | E56: : | G56: :
A57: DKZZ | B57: Extra-Regio NUTS 2 | C57: : | E57: : | G57: :
A58: DE | B58: Germany | C58: 243 | E58: 231 | G58: 228
A59: DE1 | B59: Baden-Württemberg | C59: 330 | E59: 326 | G59: 328
A60: DE11 | B60: Stuttgart | C60: 519 | E60: 525 | G60: 533
A61: DE12 | B61: Karlsruhe | C61: 283 | E61: 263 | G61: 263
A62: DE13 | B62: Freiburg | C62: 88 | E62: 85 | G62: 81
A63: DE14 | B63: Tübingen | C63: 185 | E63: 180 | G63: 195
A64: DE2 | B64: Bayern | C64: 346 | E64: 322 | G64: 318
A65: DE21 | B65: Oberbayern | C65: 488 | E65: 446 | G65: 435
A66: DE22 | B66: Niederbayern | C66: 502 | E66: 479 | G66: 460
A67: DE23 | B67: Oberpfalz | C67: 247 | E67: 230 | G67: 252
A68: DE24 | B68: Oberfranken | C68: 198 | E68: 177 | G68: 170
A69: DE25 | B69: Mittelfranken | C69: 144 | E69: 134 | G69: 125
... A77: DE50 | B77: Bremen | C77: 533 | E77: 566 | G77: 561
A78: DE6 | B78: Hamburg | C78: : | D78: C | E78: : | F78: C | G78: 79
A79: DE60 | B79: Hamburg | C79: : | D79: C | E79: : | F79: C | G79: 79
A80: DE7 | B80: Hessen | C80: 248 | E80: 216 | G80: 215
A81: DE71 | B81: Darmstadt | C81: 199 | E81: 166 | G81: 162
A82: DE72 | B82: Gießen | C82: 55 | E82: 51 | G82: 51
A83: DE73 | B83: Kassel | C83: 524 | E83: 495 | G83: 497
A84: DE8 | B84: Mecklenburg-Vorpommern | C84: 84 | E84: 91 | G84: 93
A85: DE80 | B85: Mecklenburg-Vorpommern | C85: 84 | E85: 91 | G85: 93
A86: DE9 | B86: Niedersachsen | C86: 420 | E86: 372 | G86: 365
A87: DE91 | B87: Braunschweig | C87: 1595 | E87: 1262 | G87: 1254
A88: DE92 | B88: Hannover | C88: 282 | E88: 265 | G88: 278
A89: DE93 | B89: Lüneburg | C89: 56 | E89: 53 | G89: 54
A90: DE94 | B90: Weser-Ems | C90: 162 | E90: 162 | G90: 148
A91: DEA | B91: Nordrhein-Westfalen | C91: 111 | E91: 112 | G91: 104
... A108: DEE0 | B108: Sachsen-Anhalt | C108: 57 | E108: 59 | G108: 59
A109: DEF | B109: Schleswig-Holstein | C109: : | D109: C | E109: : | F109: C | G109: 36
A110: DEF0 | B110: Schleswig-Holstein | C110: : | D110: C | E110: : | F110: C | G110: 36
A111: DEG | B111: Thüringen | C111: 127 | E111: 116 | G111: 112
A112: DEG0 | B112: Thüringen | C112: 127 | E112: 116 | G112: 112
A113: EE | B113: Estonia | C113: 33 | E113: 32 | G113: 30
A114: EE0 | B114: Eesti | C114: 33 | E114: 32 | G114: 30
A115: EE00 | B115: Eesti | C115: 33 | E115: 32 | G115: 30
A116: EEZ | B116: Extra-Regio NUTS 1 | C116: : | E116: : | G116: :
A117: EEZZ | B117: Extra-Regio NUTS 2 | C117: : | E117: : | G117: :
A118: IE | B118: Ireland | C118: 20 | E118: : | F118: C | G118: : | H118: C
A119: IE04 | B119: Northern and Western | C119: : | D119: C | E119: 14 | G119: 14
A120: IE05 | B120: Southern | C120: : | D120: C | E120: 33 | G120: 32
A121: IE06 | B121: Eastern and Midland | C121: 11 | E121: 12 | G121: 14
A122: EL | B122: Greece | C122: 4 | E122: 3 | G122: 3
A123: EL3 | B123: Attiki | C123: 5 | E123: 4 | G123: 4
A124: EL30 | B124: Attiki | C124: 5 | E124: 4 | G124: 4
A125: EL4 | B125: Nisia Aigaiou, Kriti | C125: 1 | E125: 1 | G125: 2
A126: EL41 | B126: Voreio Aigaio | C126: 2 | E126: 2 | G126: 2
A127: EL42 | B127: Notio Aigaio | C127: 1 | E127: 1 | G127: 1
A128: EL43 | B128: Kriti | C128: 1 | E128: 2 | G128: 2
A129: EL5 | B129: Voreia Elláda | C129: 4 | E129: 4 | G129: 4
A130: EL51 | B130: Anatoliki Makedonia, Thraki | C130: 4 | E130: 4 | G130: 3
A131: EL52 | B131: Kentriki Makedonia | C131: 4 | E131: 4 | G131: 4
...

Sheet Sheet 2
A1: Data extracted on 28/04/2026 09:07:09 from [ESTAT]
A2: Dataset: | B2: Enterprises by NUTS 2 region and NACE Rev.2 activity [sbs_r_nuts2021__custom_21203869]
A3: Last updated: | B3: 09/02/2026 23:00
A5: Time frequency [FREQ] | C5: Annual [A]
A6: Statistical classification of economic activities in the European Community (NACE Rev. 2) [NACE_R2] | C6: Manufacture of motor vehicles, trailers and semi-trailers [C29]
A7: Economic indicator for structural business statistics [INDIC_SBS] | C7: Local units - number [LOC_NR]
A9: TIME | B9: TIME | C9: 2021 | E9: 2022 | G9: 2023
A10: GEO (Codes) | B10: GEO (Labels)
A11: BE | B11: Belgium | C11: 336 | E11: 543 | G11: 487
A12: BE1 | B12: Région de Bruxelles-Capitale/Brussels Hoofdstedelijk Gewest | C12: 17 | E12: 28 | G12: 25
A13: BE10 | B13: Région de Bruxelles-Capitale/Brussels Hoofdstedelijk Gewest | C13: 17 | E13: 28 | G13: 25
A14: BE2 | B14: Vlaams Gewest | C14: : | D14: C | E14: 395 | G14: 350
A15: BE21 | B15: Prov. Antwerpen | C15: 56 | E15: 95 | G15: 78
A16: BE22 | B16: Prov. Limburg (BE) | C16: : | D16: C | E16: 70 | G16: 66
A17: BE23 | B17: Prov. Oost-Vlaanderen | C17: 56 | E17: 88 | G17: 78
A18: BE24 | B18: Prov. Vlaams-Brabant | C18: 21 | E18: 38 | G18: 36
A19: BE25 | B19: Prov. West-Vlaanderen | C19: 69 | E19: 104 | G19: 92
A20: BE3 | B20: Région wallonne | C20: : | D20: C | E20: 114 | G20: 104
A21: BE31 | B21: Prov. Brabant wallon | C21: 3 | E21: 12 | G21: 7
A22: BE32 | B22: Prov. Hainaut | C22: 23 | E22: 31 | G22: : | H22: C
A23: BE33 | B23: Prov. Liège | C23: : | D23: C | E23: 50 | G23: 48
A24: BE34 | B24: Prov. Luxembourg (BE) | C24: 4 | E24: 3 | G24: : | H24: C
A25: BE35 | B25: Prov. Namur | C25: 10 | E25: 18 | G25: : | H25: C
A26: BEZ | B26: Extra-Regio NUTS 1 | C26: : | D26: C | E26: 6 | G26: 8
A27: BEZZ | B27: Extra-Regio NUTS 2 | C27: : | D27: C | E27: 6 | G27: 8
A28: BG | B28: Bulgaria | C28: 156 | E28: 155 | G28: 159
A29: BG3 | B29: Severna i Yugoiztochna Bulgaria | C29: 79 | E29: 85 | G29: 82
A30: BG31 | B30: Severozapaden | C30: 17 | E30: 17 | G30: 16
A31: BG32 | B31: Severen tsentralen | C31: 22 | E31: 24 | G31: 24
A32: BG33 | B32: Severoiztochen | C32: 14 | E32: 14 | G32: 13
A33: BG34 | B33: Yugoiztochen | C33: 26 | E33: 30 | G33: 29
A34: BG4 | B34: Yugozapadna i Yuzhna tsentralna Bulgaria | C34: 77 | E34: 70 | G34: 77
A35: BG41 | B35: Yugozapaden | C35: 36 | E35: 33 | G35: 35
A36: BG42 | B36: Yuzhen tsentralen | C36: 41 | E36: 37 | G36: 42
A37: CZ | B37: Czechia | C37: 1384 | E37: 1376 | G37: 1360
A38: CZ0 | B38: Česko | C38: 1384 | E38: 1376 | G38: 1360
A39: CZ01 | B39: Praha | C39: 159 | E39: 188 | G39: 188
... A57: DKZZ | B57: Extra-Regio NUTS 2 | C57: 0 | E57: 0 | G57: 0
A58: DE | B58: Germany | C58: 3695 | E58: 3720 | G58: 3717 | K58: ='Sheet 1'!G58*'Sheet 2'!G58 -> 847476
A59: DE1 | B59: Baden-Württemberg | C59: 700 | E59: 707 | G59: 696 | K59: ='Sheet 1'!G59*'Sheet 2'!G59 -> 228288
A60: DE11 | B60: Stuttgart | C60: 293 | E60: 291 | G60: 285 | K60: ='Sheet 1'!G60*'Sheet 2'!G60 -> 151905
A61: DE12 | B61: Karlsruhe | C61: 157 | E61: 162 | G61: 158 | K61: ='Sheet 1'!G61*'Sheet 2'!G61 -> 41554
A62: DE13 | B62: Freiburg | C62: 119 | E62: 117 | G62: 125 | K62: ='Sheet 1'!G62*'Sheet 2'!G62 -> 10125
A63: DE14 | B63: Tübingen | C63: 131 | E63: 137 | G63: 128 | K63: ='Sheet 1'!G63*'Sheet 2'!G63 -> 24960
A64: DE2 | B64: Bayern | C64: 651 | E64: 668 | G64: 669 | K64: ='Sheet 1'!G64*'Sheet 2'!G64 -> 212742
A65: DE21 | B65: Oberbayern | C65: 230 | E65: 235 | G65: 240 | K65: ='Sheet 1'!G65*'Sheet 2'!G65 -> 104400
A66: DE22 | B66: Niederbayern | C66: 72 | E66: 79 | G66: 81 | K66: ='Sheet 1'!G66*'Sheet 2'!G66 -> 37260
A67: DE23 | B67: Oberpfalz | C67: 72 | E67: 74 | G67: 68 | K67: ='Sheet 1'!G67*'Sheet 2'!G67 -> 17136
A68: DE24 | B68: Oberfranken | C68: 47 | E68: 51 | G68: 51 | K68: ='Sheet 1'!G68*'Sheet 2'!G68 -> 8670
A69: DE25 | B69: Mittelfranken | C69: 66 | E69: 64 | G69: 62 | K69: ='Sheet 1'!G69*'Sheet 2'!G69 -> 7750
... A112: DEG0 | B112: Thüringen | C112: 131 | E112: 132 | G112: 135 | K112: ='Sheet 1'!G112*'Sheet 2'!G112 -> 15120
A113: EE | B113: Estonia | C113: 105 | E113: 109 | G113: 112
A114: EE0 | B114: Eesti | C114: 105 | E114: 109 | G114: 112
A115: EE00 | B115: Eesti | C115: 105 | E115: 109 | G115: 112
A116: EEZ | B116: Extra-Regio NUTS 1 | C116: 0 | E116: 0 | G116: 0
A117: EEZZ | B117: Extra-Regio NUTS 2 | C117: 0 | E117: 0 | G117: 0
A118: IE | B118: Ireland | C118: 156 | E118: : | F118: C | G118: : | H118: C
A119: IE04 | B119: Northern and Western | C119: : | D119: C | E119: 25 | G119: 27
A120: IE05 | B120: Southern | C120: : | D120: C | E120: 47 | G120: 46
A121: IE06 | B121: Eastern and Midland | C121: 82 | E121: 94 | G121: 94
A122: EL | B122: Greece | C122: 463 | E122: 475 | G122: 492
A123: EL3 | B123: Attiki | C123: 158 | E123: 167 | G123: 176
A124: EL30 | B124: Attiki | C124: 158 | E124: 167 | G124: 176
A125: EL4 | B125: Nisia Aigaiou, Kriti | C125: 41 | E125: 43 | G125: 45
A126: EL41 | B126: Voreio Aigaio | C126: 5 | E126: 5 | G126: 5
A127: EL42 | B127: Notio Aigaio | C127: 5 | E127: 6 | G127: 5
A128: EL43 | B128: Kriti | C128: 31 | E128: 32 | G128: 35
A129: EL5 | B129: Voreia Elláda | C129: 148 | E129: 148 | G129: 143
A130: EL51 | B130: Anatoliki Makedonia, Thraki | C130: 25 | E130: 23 | G130: 26
A131: EL52 | B131: Kentriki Makedonia | C131: 108 | E131: 110 | G131: 104
A132: EL53 | B132: Dytiki Makedonia | C132: 9 | E132: 9 | G132: 7
... A159: ES51 | B159: Cataluña | C159: 461 | E159: 447 | G159: 428
A160: ES52 | B160: Comunitat Valenciana | C160: : | D160: C | E160: 165 | G160: 166
A161: ES53 | B161: Illes Balears | C161: : | D161: C | E161: 9 | G161: 7
A162: ES6 | B162: Sur | C162: 284 | E162: 256 | G162: 260
A163: ES61 | B163: Andalucía | C163: 231 | E163: 193 | G163: 207
A164: ES62 | B164: Región de Murcia | C164: 53 | E164: 63 | G164: 53
A165: ES63 | B165: Ciudad de Ceuta | C165: 0 | E165: 0 | G165: 0
A166: ES64 | B166: Ciudad de Melilla | C166: 0 | E166: 0 | G166: 0
A167: ES7 | B167: Canarias | C167: 21 | E167: 23 | G167: 26
A168: ES70 | B168: Canarias | C168: 21 | E168: 23 | G168: 26
A169: FR | B169: France | C169: 2679 | D169: b | E169: 2895 | G169: 3054
A170: FR1 | B170: Ile de France | C170: 282 | D170: b | E170: 295 | G170: 293 | L170: ='Sheet 1'!G170*'Sheet 2'!G170 -> 34574
A171: FR10 | B171: Ile de France | C171: 282 | D171: b | E171: 295 | G171: 293 | L171: ='Sheet 1'!G171*'Sheet 2'!G171 -> 34574
A172: FRB | B172: Centre — Val de Loire | C172: 114 | D172: b | E172: 119 | G172: 129 | L172: ='Sheet 1'!G172*'Sheet 2'!G172 -> 4386
A173: FRB0 | B173: Centre — Val de Loire | C173: 114 | D173: b | E173: 119 | G173: 129 | L173: ='Sheet 1'!G173*'Sheet 2'!G173 -> 4386
A174: FRC | B174: Bourgogne-Franche-Comté | C174: 149 | D174: b | E174: 156 | G174: 171 | L174: ='Sheet 1'!G174*'Sheet 2'!G174 -> 17784
A175: FRC1 | B175: Bourgogne | C175: 82 | D175: b | E175: 83 | G175: 97 | L175: ='Sheet 1'!G175*'Sheet 2'!G175 -> 4656
A176: FRC2 | B176: Franche-Comté | C176: 67 | D176: b | E176: 73 | G176: 74 | L176: ='Sheet 1'!G176*'Sheet 2'!G176 -> 13098
A177: FRD | B177: Normandie | C177: 153 | D177: b | E177: 158 | G177: 169 | L177: ='Sheet 1'!G177*'Sheet 2'!G177 -> 16393
A178: FRD1 | B178: Basse-Normandie | C178: 99 | D178: b | E178: 103 | G178: 109 | L178: ='Sheet 1'!G178*'Sheet 2'!G178 -> 9156
A179: FRD2 | B179: Haute-Normandie | C179: 54 | D179: b | E179: 55 | G179: 60 | L179: ='Sheet 1'!G179*'Sheet 2'!G179 -> 7260
A180: FRE | B180: Hauts-de-France | C180: 216 | D180: b | E180: 226 | G180: 228 | L180: ='Sheet 1'!G180*'Sheet 2'!G180 -> 26448
A181: FRE1 | B181: Nord-Pas de Calais | C181: 150 | D181: b | E181: 161 | G181: 164 | L181: ='Sheet 1'!G181*'Sheet 2'!G181 -> 20992
... A205: FRY | B205: RUP FR — Régions Ultrapériphériques Françaises | C205: 47 | D205: b | E205: 50 | G205: 51 | L205: ='Sheet 1'!G205*'Sheet 2'!G205 -> 153
A206: FRY1 | B206: Guadeloupe | C206: : | D206: bC | E206: 8 | G206: 9 | L206: ='Sheet 1'!G206*'Sheet 2'!G206 -> #VALUE!
A207: FRY2 | B207: Martinique | C207: 7 | D207: b | E207: 6 | G207: 4 | L207: ='Sheet 1'!G207*'Sheet 2'!G207 -> 0
A208: FRY3 | B208: Guyane | C208: : | D208: bC | E208: 3 | G208: 4 | L208: ='Sheet 1'!G208*'Sheet 2'!G208 -> #VALUE!
A209: FRY4 | B209: La Réunion | C209: 33 | D209: b | E209: 33 | G209: 34 | L209: ='Sheet 1'!G209*'Sheet 2'!G209 -> 102
A210: FRY5 | B210: Mayotte | C210: 0 | D210: b | E210: 0 | G210: 0
...

Sheet Sheet 3
A1: Data extracted on 28/04/2026 09:07:09 from [ESTAT]
A2: Dataset: | B2: Enterprises by NUTS 2 region and NACE Rev.2 activity [sbs_r_nuts2021__custom_21203869]
A3: Last updated: | B3: 09/02/2026 23:00
A5: Time frequency [FREQ] | C5: Annual [A]
A6: Statistical classification of economic activities in the European Community (NACE Rev. 2) [NACE_R2] | C6: Manufacture of motor vehicles, trailers and semi-trailers [C29]
A7: Economic indicator for structural business statistics [INDIC_SBS] | C7: Wages and salaries in local units - million euro [WAGE_LOC_MEUR]
A9: TIME | B9: TIME | C9: 2021 | E9: 2022 | G9: 2023
A10: GEO (Codes) | B10: GEO (Labels)
A11: BE | B11: Belgium | C11: 1341.38 | E11: 1467.63 | G11: 1592.89
A12: BE1 | B12: Région de Bruxelles-Capitale/Brussels Hoofdstedelijk Gewest | C12: 194.55 | E12: 225.84 | G12: 226.73
A13: BE10 | B13: Région de Bruxelles-Capitale/Brussels Hoofdstedelijk Gewest | C13: 194.55 | E13: 225.84 | G13: 226.73
A14: BE2 | B14: Vlaams Gewest | C14: : | D14: C | E14: 1184.2 | G14: 1309.13
A15: BE21 | B15: Prov. Antwerpen | C15: 238.41 | E15: 278.81 | G15: 300.56
A16: BE22 | B16: Prov. Limburg (BE) | C16: : | D16: C | E16: 148.8 | G16: 181.38
A17: BE23 | B17: Prov. Oost-Vlaanderen | C17: 551.97 | E17: 602.88 | G17: 696.97
A18: BE24 | B18: Prov. Vlaams-Brabant | C18: 63.81 | E18: 56.83 | G18: 41.83
A19: BE25 | B19: Prov. West-Vlaanderen | C19: 94.64 | E19: 96.87 | G19: 88.39
A20: BE3 | B20: Région wallonne | C20: : | D20: C | E20: 57.24 | G20: 56.2
A21: BE31 | B21: Prov. Brabant wallon | C21: 3.81 | E21: 4.41 | G21: 4.81
A22: BE32 | B22: Prov. Hainaut | C22: 11.84 | E22: 14.01 | G22: : | H22: C
A23: BE33 | B23: Prov. Liège | C23: : | D23: C | E23: 24.61 | G23: 28.51
A24: BE34 | B24: Prov. Luxembourg (BE) | C24: 11 | E24: 11.46 | G24: : | H24: C
A25: BE35 | B25: Prov. Namur | C25: 2.17 | E25: 2.76 | G25: : | H25: C
A26: BEZ | B26: Extra-Regio NUTS 1 | C26: : | D26: C | E26: 0.35 | G26: 0.84
A27: BEZZ | B27: Extra-Regio NUTS 2 | C27: : | D27: C | E27: 0.35 | G27: 0.84
A28: BG | B28: Bulgaria | C28: 230.86 | E28: 249.56 | G28: 288.85
A29: BG3 | B29: Severna i Yugoiztochna Bulgaria | C29: 98.78 | E29: 115.09 | G29: 137.19
A30: BG31 | B30: Severozapaden | C30: 29.49 | E30: 36.51 | G30: 42.06
A31: BG32 | B31: Severen tsentralen | C31: 24.14 | E31: 28.56 | G31: 41.43
A32: BG33 | B32: Severoiztochen | C32: 0.27 | E32: 0.48 | G32: 0.46
A33: BG34 | B33: Yugoiztochen | C33: 44.89 | E33: 49.53 | G33: 53.24
A34: BG4 | B34: Yugozapadna i Yuzhna tsentralna Bulgaria | C34: 132.08 | E34: 134.47 | G34: 151.66
A35: BG41 | B35: Yugozapaden | C35: 70.97 | E35: 76.96 | G35: 84.16
A36: BG42 | B36: Yuzhen tsentralen | C36: 61.11 | E36: 57.51 | G36: 67.5
A37: CZ | B37: Czechia | C37: 3379.89 | E37: 3815.9 | G37: 4323.06
A38: CZ0 | B38: Česko | C38: 3379.89 | E38: 3815.9 | G38: 4323.06
A39: CZ01 | B39: Praha | C39: 37.62 | E39: 58.78 | G39: 65.34
... A77: DE50 | B77: Bremen | C77: 956.27 | E77: 1075.47 | G77: 1103.17
A78: DE6 | B78: Hamburg | C78: : | D78: C | E78: : | F78: C | G78: : | H78: C
A79: DE60 | B79: Hamburg | C79: : | D79: C | E79: : | F79: C | G79: : | H79: C
A80: DE7 | B80: Hessen | C80: 3115.12 | E80: 3406.52 | G80: 3466.46
A81: DE71 | B81: Darmstadt | C81: 1531.29 | E81: 1750.9 | G81: 1655.16
A82: DE72 | B82: Gießen | C82: 98.65 | E82: 107.19 | G82: 111.61
A83: DE73 | B83: Kassel | C83: 1485.18 | E83: 1548.44 | G83: 1699.69
A84: DE8 | B84: Mecklenburg-Vorpommern | C84: : | D84: C | E84: 143.08 | G84: : | H84: C
A85: DE80 | B85: Mecklenburg-Vorpommern | C85: : | D85: C | E85: 143.08 | G85: : | H85: C
A86: DE9 | B86: Niedersachsen | C86: 9464.52 | E86: 10206.31 | G86: 10792.21
A87: DE91 | B87: Braunschweig | C87: 6529.37 | E87: 7030.39 | G87: 7465.44
A88: DE92 | B88: Hannover | C88: 1519.61 | E88: 1685.8 | G88: 1770.08
A89: DE93 | B89: Lüneburg | C89: 153.56 | E89: 164.92 | G89: 164.96
A90: DE94 | B90: Weser-Ems | C90: 1261.98 | E90: 1325.19 | G90: 1391.74
A91: DEA | B91: Nordrhein-Westfalen | C91: 4554.03 | E91: 5066.07 | G91: 4962.41
A92: DEA1 | B92: Düsseldorf | C92: 1015.43 | E92: 1078.19 | G92: 1078.23
A93: DEA2 | B93: Köln | C93: 1678.6 | E93: 1927.27 | G93: 1826.67
A94: DEA3 | B94: Münster | C94: 415.73 | E94: 459.29 | G94: 495.72
A95: DEA4 | B95: Detmold | C95: 694.12 | E95: 779.29 | G95: 796.59
A96: DEA5 | B96: Arnsberg | C96: 750.16 | E96: 822.03 | G96: 765.2
A97: DEB | B97: Rheinland-Pfalz | C97: 1511.59 | E97: 1603.66 | G97: 1621.24
... A108: DEE0 | B108: Sachsen-Anhalt | C108: 180.98 | E108: 175.34 | G108: 208.07
A109: DEF | B109: Schleswig-Holstein | C109: 218.27 | E109: : | F109: C | G109: 168.97
A110: DEF0 | B110: Schleswig-Holstein | C110: 218.27 | E110: : | F110: C | G110: 168.97
A111: DEG | B111: Thüringen | C111: 749.88 | E111: 684.01 | G111: 728.48
A112: DEG0 | B112: Thüringen | C112: 749.88 | E112: 684.01 | G112: 728.48
A113: EE | B113: Estonia | C113: 66.25 | E113: 72.9 | G113: 80.35
A114: EE0 | B114: Eesti | C114: 66.25 | E114: 72.9 | G114: 80.35
A115: EE00 | B115: Eesti | C115: 66.25 | E115: 72.9 | G115: 80.35
A116: EEZ | B116: Extra-Regio NUTS 1 | C116: 0 | E116: 0 | G116: 0
A117: EEZZ | B117: Extra-Regio NUTS 2 | C117: 0 | E117: 0 | G117: 0
A118: IE | B118: Ireland | C118: 126.66 | E118: : | F118: C | G118: : | H118: C
A119: IE04 | B119: Northern and Western | C119: : | D119: C | E119: 14.34 | G119: 14.58
A120: IE05 | B120: Southern | C120: : | D120: C | E120: 64.67 | G120: 66.64
A121: IE06 | B121: Eastern and Midland | C121: 34.45 | E121: 42.28 | G121: 55.5
A122: EL | B122: Greece | C122: 20.19 | E122: 21.98 | G122: 24
A123: EL3 | B123: Attiki | C123: 11.91 | E123: 12.63 | G123: 14.2
A124: EL30 | B124: Attiki | C124: 11.91 | E124: 12.63 | G124: 14.2
A125: EL4 | B125: Nisia Aigaiou, Kriti | C125: 0.17 | E125: 0.22 | G125: 0.27
A126: EL41 | B126: Voreio Aigaio | C126: 0.06 | E126: 0.07 | G126: 0.07
A127: EL42 | B127: Notio Aigaio | C127: 0 | E127: 0 | G127: 0
A128: EL43 | B128: Kriti | C128: 0.11 | E128: 0.15 | G128: 0.21
A129: EL5 | B129: Voreia Elláda | C129: 6.6 | E129: 7.35 | G129: 7.4
A130: EL51 | B130: Anatoliki Makedonia, Thraki | C130: 1.21 | E130: 1.23 | G130: 1.17
A131: EL52 | B131: Kentriki Makedonia | C131: 5.17 | E131: 5.92 | G131: 6.04
A132: EL53 | B132: Dytiki Makedonia | C132: 0.06 | E132: 0.05 | G132: 0.04
... A159: ES51 | B159: Cataluña | C159: 1825.64 | E159: 1590.31 | G159: 1364.16
A160: ES52 | B160: Comunitat Valenciana | C160: : | D160: C | E160: 485.11 | G160: 723.14
A161: ES53 | B161: Illes Balears | C161: : | D161: C | E161: 2.86 | G161: 1.09
A162: ES6 | B162: Sur | C162: 121.35 | E162: 119.21 | G162: 138.56
A163: ES61 | B163: Andalucía | C163: 110.84 | E163: 107.43 | G163: 125.47
A164: ES62 | B164: Región de Murcia | C164: 10.51 | E164: 11.78 | G164: 13.09
A165: ES63 | B165: Ciudad de Ceuta | C165: 0 | E165: 0 | G165: 0
A166: ES64 | B166: Ciudad de Melilla | C166: 0 | E166: 0 | G166: 0
A167: ES7 | B167: Canarias | C167: 1.75 | E167: 2.23 | G167: 2.55
A168: ES70 | B168: Canarias | C168: 1.75 | E168: 2.23 | G168: 2.55
A169: FR | B169: France | C169: 8138.96 | D169: b | E169: 8216.82 | G169: 8579.93
A170: FR1 | B170: Ile de France | C170: 2552.64 | D170: b | E170: 2647.21 | G170: 2622.68
A171: FR10 | B171: Ile de France | C171: 2552.64 | D171: b | E171: 2647.21 | G171: 2622.68
A172: FRB | B172: Centre — Val de Loire | C172: 222.7 | D172: b | E172: 163.41 | G172: 175.22
A173: FRB0 | B173: Centre — Val de Loire | C173: 222.7 | D173: b | E173: 163.41 | G173: 175.22
A174: FRC | B174: Bourgogne-Franche-Comté | C174: 748.73 | D174: b | E174: 762.86 | G174: 785.9
A175: FRC1 | B175: Bourgogne | C175: 150.2 | D175: b | E175: 164.1 | G175: 172.13
...
